[{"model": "admin.logentry", "pk": 1, "fields": {"action_time": "2022-02-18T13:33:05.651Z", "user": 1, "content_type": 7, "object_id": "1", "object_repr": "ajlt-shop.example.com", "action_flag": 2, "change_message": "[{\"changed\": {\"fields\": [\"Domain name\", \"Display name\"]}}]"}}, {"model": "admin.logentry", "pk": 2, "fields": {"action_time": "2022-02-18T13:33:20.967Z", "user": 1, "content_type": 7, "object_id": "1", "object_repr": "ajlt-shop.example.com", "action_flag": 2, "change_message": "[{\"changed\": {\"fields\": [\"Display name\"]}}]"}}, {"model": "admin.logentry", "pk": 3, "fields": {"action_time": "2022-02-18T13:49:19.777Z", "user": 1, "content_type": 8, "object_id": "1", "object_repr": "alexa.t.lach@gmail.com", "action_flag": 3, "change_message": ""}}, {"model": "admin.logentry", "pk": 4, "fields": {"action_time": "2022-02-18T13:51:44.952Z", "user": 1, "content_type": 4, "object_id": "2", "object_repr": "user1", "action_flag": 1, "change_message": "[{\"added\": {}}]"}}, {"model": "admin.logentry", "pk": 5, "fields": {"action_time": "2022-02-18T13:52:34.811Z", "user": 1, "content_type": 4, "object_id": "2", "object_repr": "user1", "action_flag": 2, "change_message": "[]"}}, {"model": "admin.logentry", "pk": 6, "fields": {"action_time": "2022-02-18T13:53:38.816Z", "user": 1, "content_type": 8, "object_id": "2", "object_repr": "siguraleks@gmail.com", "action_flag": 1, "change_message": "[{\"added\": {}}]"}}, {"model": "admin.logentry", "pk": 7, "fields": {"action_time": "2022-02-19T15:59:29.100Z", "user": 1, "content_type": 13, "object_id": "1", "object_repr": "bags", "action_flag": 1, "change_message": "[{\"added\": {}}]"}}, {"model": "admin.logentry", "pk": 8, "fields": {"action_time": "2022-02-19T15:59:55.915Z", "user": 1, "content_type": 13, "object_id": "1", "object_repr": "bags", "action_flag": 2, "change_message": "[]"}}, {"model": "admin.logentry", "pk": 9, "fields": {"action_time": "2022-02-19T16:00:17.730Z", "user": 1, "content_type": 13, "object_id": "2", "object_repr": "skirts", "action_flag": 1, "change_message": "[{\"added\": {}}]"}}, {"model": "admin.logentry", "pk": 10, "fields": {"action_time": "2022-02-19T16:00:39.954Z", "user": 1, "content_type": 13, "object_id": "3", "object_repr": "shoes", "action_flag": 1, "change_message": "[{\"added\": {}}]"}}, {"model": "admin.logentry", "pk": 11, "fields": {"action_time": "2022-02-19T16:01:01.145Z", "user": 1, "content_type": 13, "object_id": "4", "object_repr": "blazers", "action_flag": 1, "change_message": "[{\"added\": {}}]"}}, {"model": "admin.logentry", "pk": 12, "fields": {"action_time": "2022-02-19T16:02:17.715Z", "user": 1, "content_type": 13, "object_id": "5", "object_repr": "jewellery", "action_flag": 1, "change_message": "[{\"added\": {}}]"}}, {"model": "admin.logentry", "pk": 13, "fields": {"action_time": "2022-02-19T16:02:24.972Z", "user": 1, "content_type": 13, "object_id": "6", "object_repr": "coats", "action_flag": 1, "change_message": "[{\"added\": {}}]"}}, {"model": "admin.logentry", "pk": 14, "fields": {"action_time": "2022-02-19T16:02:35.801Z", "user": 1, "content_type": 13, "object_id": "7", "object_repr": "tops", "action_flag": 1, "change_message": "[{\"added\": {}}]"}}, {"model": "admin.logentry", "pk": 15, "fields": {"action_time": "2022-02-19T16:25:58.878Z", "user": 1, "content_type": 14, "object_id": "1", "object_repr": "dddd", "action_flag": 1, "change_message": "[{\"added\": {}}]"}}, {"model": "admin.logentry", "pk": 16, "fields": {"action_time": "2022-02-19T16:33:06.948Z", "user": 1, "content_type": 14, "object_id": "1", "object_repr": "dddd", "action_flag": 3, "change_message": ""}}, {"model": "admin.logentry", "pk": 17, "fields": {"action_time": "2022-02-19T17:32:22.426Z", "user": 1, "content_type": 13, "object_id": "8", "object_repr": "dsadsa", "action_flag": 1, "change_message": "[{\"added\": {}}]"}}, {"model": "admin.logentry", "pk": 18, "fields": {"action_time": "2022-02-19T18:00:07.803Z", "user": 1, "content_type": 14, "object_id": "1", "object_repr": "sdadsadsa", "action_flag": 1, "change_message": "[{\"added\": {}}]"}}, {"model": "admin.logentry", "pk": 19, "fields": {"action_time": "2022-02-19T18:21:30.091Z", "user": 1, "content_type": 14, "object_id": "2", "object_repr": "aquazzura sandals carrie", "action_flag": 1, "change_message": "[{\"added\": {}}]"}}, {"model": "admin.logentry", "pk": 20, "fields": {"action_time": "2022-02-19T18:22:02.345Z", "user": 1, "content_type": 14, "object_id": "1", "object_repr": "sdadsadsa", "action_flag": 3, "change_message": ""}}, {"model": "admin.logentry", "pk": 21, "fields": {"action_time": "2022-02-19T18:22:21.160Z", "user": 1, "content_type": 13, "object_id": "8", "object_repr": "dsadsa", "action_flag": 3, "change_message": ""}}, {"model": "admin.logentry", "pk": 22, "fields": {"action_time": "2022-02-19T18:22:56.774Z", "user": 1, "content_type": 14, "object_id": "2", "object_repr": "aquazzura sandals carrie", "action_flag": 2, "change_message": "[]"}}, {"model": "admin.logentry", "pk": 23, "fields": {"action_time": "2022-02-19T18:27:31.629Z", "user": 1, "content_type": 14, "object_id": "3", "object_repr": "Paco Rabane \"Chainmail\" tote bag", "action_flag": 1, "change_message": "[{\"added\": {}}]"}}, {"model": "admin.logentry", "pk": 24, "fields": {"action_time": "2022-02-19T18:28:02.703Z", "user": 1, "content_type": 14, "object_id": "2", "object_repr": "Aquazzura high heel sandals", "action_flag": 2, "change_message": "[{\"changed\": {\"fields\": [\"Name\"]}}]"}}, {"model": "admin.logentry", "pk": 25, "fields": {"action_time": "2022-02-19T18:29:25.267Z", "user": 1, "content_type": 14, "object_id": "4", "object_repr": "Another Stories Top", "action_flag": 1, "change_message": "[{\"added\": {}}]"}}, {"model": "admin.logentry", "pk": 26, "fields": {"action_time": "2022-02-19T18:31:18.589Z", "user": 1, "content_type": 13, "object_id": "9", "object_repr": "dress", "action_flag": 1, "change_message": "[{\"added\": {}}]"}}, {"model": "admin.logentry", "pk": 27, "fields": {"action_time": "2022-02-19T18:34:52.227Z", "user": 1, "content_type": 14, "object_id": "5", "object_repr": "Arcade", "action_flag": 1, "change_message": "[{\"added\": {}}]"}}, {"model": "admin.logentry", "pk": 28, "fields": {"action_time": "2022-02-19T18:35:09.367Z", "user": 1, "content_type": 13, "object_id": "9", "object_repr": "dresses", "action_flag": 2, "change_message": "[{\"changed\": {\"fields\": [\"Name\"]}}]"}}, {"model": "admin.logentry", "pk": 29, "fields": {"action_time": "2022-02-19T18:37:01.598Z", "user": 1, "content_type": 14, "object_id": "6", "object_repr": "Vintage Chanel Boots", "action_flag": 1, "change_message": "[{\"added\": {}}]"}}, {"model": "admin.logentry", "pk": 30, "fields": {"action_time": "2022-02-19T18:39:35.247Z", "user": 1, "content_type": 14, "object_id": "7", "object_repr": "Norma Kamali blazer", "action_flag": 1, "change_message": "[{\"added\": {}}]"}}, {"model": "admin.logentry", "pk": 31, "fields": {"action_time": "2022-02-19T18:41:47.158Z", "user": 1, "content_type": 14, "object_id": "8", "object_repr": "Button front dress", "action_flag": 1, "change_message": "[{\"added\": {}}]"}}, {"model": "admin.logentry", "pk": 32, "fields": {"action_time": "2022-02-19T18:43:18.451Z", "user": 1, "content_type": 14, "object_id": "9", "object_repr": "Gucci x Balenciaga \"Hourglass\" bag", "action_flag": 1, "change_message": "[{\"added\": {}}]"}}, {"model": "admin.logentry", "pk": 33, "fields": {"action_time": "2022-02-19T19:05:25.726Z", "user": 1, "content_type": 14, "object_id": "9", "object_repr": "Gucci x Balenciaga \"Hourglass\" bag", "action_flag": 2, "change_message": "[{\"changed\": {\"fields\": [\"Image\"]}}]"}}, {"model": "admin.logentry", "pk": 34, "fields": {"action_time": "2022-02-19T19:20:36.662Z", "user": 1, "content_type": 13, "object_id": "10", "object_repr": "carrie", "action_flag": 1, "change_message": "[{\"added\": {}}]"}}, {"model": "admin.logentry", "pk": 35, "fields": {"action_time": "2022-02-19T19:20:47.349Z", "user": 1, "content_type": 13, "object_id": "11", "object_repr": "miranda", "action_flag": 1, "change_message": "[{\"added\": {}}]"}}, {"model": "admin.logentry", "pk": 36, "fields": {"action_time": "2022-02-19T19:20:55.979Z", "user": 1, "content_type": 13, "object_id": "12", "object_repr": "charlotte", "action_flag": 1, "change_message": "[{\"added\": {}}]"}}, {"model": "admin.logentry", "pk": 37, "fields": {"action_time": "2022-02-19T19:22:42.483Z", "user": 1, "content_type": 13, "object_id": "13", "object_repr": "tops", "action_flag": 1, "change_message": "[{\"added\": {}}]"}}, {"model": "admin.logentry", "pk": 38, "fields": {"action_time": "2022-02-19T19:22:46.153Z", "user": 1, "content_type": 14, "object_id": "4", "object_repr": "Another Stories Top", "action_flag": 2, "change_message": "[{\"changed\": {\"fields\": [\"Category\"]}}]"}}, {"model": "admin.logentry", "pk": 39, "fields": {"action_time": "2022-02-19T19:24:07.069Z", "user": 1, "content_type": 13, "object_id": "12", "object_repr": "charlotte", "action_flag": 3, "change_message": ""}}, {"model": "admin.logentry", "pk": 40, "fields": {"action_time": "2022-02-19T19:24:07.074Z", "user": 1, "content_type": 13, "object_id": "11", "object_repr": "miranda", "action_flag": 3, "change_message": ""}}, {"model": "admin.logentry", "pk": 41, "fields": {"action_time": "2022-02-19T19:24:07.078Z", "user": 1, "content_type": 13, "object_id": "10", "object_repr": "carrie", "action_flag": 3, "change_message": ""}}, {"model": "admin.logentry", "pk": 42, "fields": {"action_time": "2022-02-19T19:26:47.366Z", "user": 1, "content_type": 14, "object_id": "6", "object_repr": "Vintage Chanel Boots", "action_flag": 2, "change_message": "[{\"changed\": {\"fields\": [\"Image\"]}}]"}}, {"model": "admin.logentry", "pk": 43, "fields": {"action_time": "2022-02-19T19:26:53.183Z", "user": 1, "content_type": 14, "object_id": "6", "object_repr": "Vintage Chanel Boots", "action_flag": 2, "change_message": "[]"}}, {"model": "admin.logentry", "pk": 44, "fields": {"action_time": "2022-02-19T19:27:22.033Z", "user": 1, "content_type": 14, "object_id": "3", "object_repr": "Paco Rabane \"Chainmail\" tote bag", "action_flag": 2, "change_message": "[{\"changed\": {\"fields\": [\"Image\"]}}]"}}, {"model": "admin.logentry", "pk": 45, "fields": {"action_time": "2022-02-19T19:27:39.278Z", "user": 1, "content_type": 14, "object_id": "7", "object_repr": "Norma Kamali blazer", "action_flag": 2, "change_message": "[{\"changed\": {\"fields\": [\"Image\"]}}]"}}, {"model": "admin.logentry", "pk": 46, "fields": {"action_time": "2022-02-19T19:27:52.588Z", "user": 1, "content_type": 14, "object_id": "5", "object_repr": "Arcade", "action_flag": 2, "change_message": "[{\"changed\": {\"fields\": [\"Image\"]}}]"}}, {"model": "admin.logentry", "pk": 47, "fields": {"action_time": "2022-02-19T19:28:08.265Z", "user": 1, "content_type": 14, "object_id": "8", "object_repr": "Button front dress", "action_flag": 2, "change_message": "[{\"changed\": {\"fields\": [\"Image\"]}}]"}}, {"model": "admin.logentry", "pk": 48, "fields": {"action_time": "2022-02-19T19:28:22.141Z", "user": 1, "content_type": 14, "object_id": "4", "object_repr": "Another Stories Top", "action_flag": 2, "change_message": "[{\"changed\": {\"fields\": [\"Image\"]}}]"}}, {"model": "admin.logentry", "pk": 49, "fields": {"action_time": "2022-02-19T20:31:54.303Z", "user": 1, "content_type": 14, "object_id": "2", "object_repr": "Aquazzura high heel sandals", "action_flag": 3, "change_message": ""}}, {"model": "admin.logentry", "pk": 50, "fields": {"action_time": "2022-02-19T20:31:54.308Z", "user": 1, "content_type": 14, "object_id": "6", "object_repr": "Vintage Chanel Boots", "action_flag": 3, "change_message": ""}}, {"model": "admin.logentry", "pk": 51, "fields": {"action_time": "2022-02-19T20:31:54.312Z", "user": 1, "content_type": 14, "object_id": "9", "object_repr": "Gucci x Balenciaga \"Hourglass\" bag", "action_flag": 3, "change_message": ""}}, {"model": "admin.logentry", "pk": 52, "fields": {"action_time": "2022-02-19T20:31:54.316Z", "user": 1, "content_type": 14, "object_id": "3", "object_repr": "Paco Rabane \"Chainmail\" tote bag", "action_flag": 3, "change_message": ""}}, {"model": "admin.logentry", "pk": 53, "fields": {"action_time": "2022-02-19T20:31:54.320Z", "user": 1, "content_type": 14, "object_id": "7", "object_repr": "Norma Kamali blazer", "action_flag": 3, "change_message": ""}}, {"model": "admin.logentry", "pk": 54, "fields": {"action_time": "2022-02-19T20:31:54.324Z", "user": 1, "content_type": 14, "object_id": "4", "object_repr": "Another Stories Top", "action_flag": 3, "change_message": ""}}, {"model": "admin.logentry", "pk": 55, "fields": {"action_time": "2022-02-19T20:31:54.327Z", "user": 1, "content_type": 14, "object_id": "5", "object_repr": "Arcade", "action_flag": 3, "change_message": ""}}, {"model": "admin.logentry", "pk": 56, "fields": {"action_time": "2022-02-19T20:31:54.332Z", "user": 1, "content_type": 14, "object_id": "8", "object_repr": "Button front dress", "action_flag": 3, "change_message": ""}}, {"model": "admin.logentry", "pk": 57, "fields": {"action_time": "2022-02-19T21:17:42.500Z", "user": 1, "content_type": 14, "object_id": "1", "object_repr": "Birdclothes", "action_flag": 1, "change_message": "[{\"added\": {}}]"}}, {"model": "admin.logentry", "pk": 58, "fields": {"action_time": "2022-02-19T22:23:03.962Z", "user": 1, "content_type": 14, "object_id": "2", "object_repr": "Paco Rabanne bag", "action_flag": 1, "change_message": "[{\"added\": {}}]"}}, {"model": "admin.logentry", "pk": 59, "fields": {"action_time": "2022-02-19T22:23:42.678Z", "user": 1, "content_type": 13, "object_id": "7", "object_repr": "miranda", "action_flag": 2, "change_message": "[{\"changed\": {\"fields\": [\"Name\", \"Friendly name\"]}}]"}}, {"model": "admin.logentry", "pk": 60, "fields": {"action_time": "2022-02-19T22:24:07.571Z", "user": 1, "content_type": 14, "object_id": "2", "object_repr": "Paco Rabanne bag", "action_flag": 2, "change_message": "[]"}}, {"model": "admin.logentry", "pk": 61, "fields": {"action_time": "2022-02-19T22:25:54.826Z", "user": 1, "content_type": 14, "object_id": "3", "object_repr": "aquazzura sandals carrie", "action_flag": 1, "change_message": "[{\"added\": {}}]"}}, {"model": "admin.logentry", "pk": 62, "fields": {"action_time": "2022-02-19T22:29:58.639Z", "user": 1, "content_type": 14, "object_id": "4", "object_repr": "Another Stories top", "action_flag": 1, "change_message": "[{\"added\": {}}]"}}, {"model": "admin.logentry", "pk": 63, "fields": {"action_time": "2022-02-19T22:34:03.511Z", "user": 1, "content_type": 14, "object_id": "5", "object_repr": "Sensi Studio red bag", "action_flag": 1, "change_message": "[{\"added\": {}}]"}}, {"model": "admin.logentry", "pk": 64, "fields": {"action_time": "2022-02-19T22:34:20.531Z", "user": 1, "content_type": 14, "object_id": "5", "object_repr": "Sensi Studio red bag", "action_flag": 2, "change_message": "[{\"changed\": {\"fields\": [\"Sku\"]}}]"}}, {"model": "admin.logentry", "pk": 65, "fields": {"action_time": "2022-02-19T22:38:05.113Z", "user": 1, "content_type": 14, "object_id": "6", "object_repr": "Lagence long checked dress", "action_flag": 1, "change_message": "[{\"added\": {}}]"}}, {"model": "admin.logentry", "pk": 66, "fields": {"action_time": "2022-02-19T22:41:38.311Z", "user": 1, "content_type": 14, "object_id": "7", "object_repr": "Dries Van Noten midi dress", "action_flag": 1, "change_message": "[{\"added\": {}}]"}}, {"model": "admin.logentry", "pk": 67, "fields": {"action_time": "2022-02-19T22:41:51.080Z", "user": 1, "content_type": 14, "object_id": "1", "object_repr": "Birdclothes", "action_flag": 3, "change_message": ""}}, {"model": "admin.logentry", "pk": 68, "fields": {"action_time": "2022-02-19T22:42:08.170Z", "user": 1, "content_type": 14, "object_id": "6", "object_repr": "Lagence long checked dress", "action_flag": 2, "change_message": "[{\"changed\": {\"fields\": [\"Colour\"]}}]"}}, {"model": "admin.logentry", "pk": 69, "fields": {"action_time": "2022-02-19T22:46:37.374Z", "user": 1, "content_type": 14, "object_id": "8", "object_repr": "Norma Kamali block blazer", "action_flag": 1, "change_message": "[{\"added\": {}}]"}}, {"model": "admin.logentry", "pk": 70, "fields": {"action_time": "2022-02-19T22:48:48.408Z", "user": 1, "content_type": 14, "object_id": "9", "object_repr": "Ioewe \"Balloon\" bag", "action_flag": 1, "change_message": "[{\"added\": {}}]"}}, {"model": "admin.logentry", "pk": 71, "fields": {"action_time": "2022-02-19T22:50:49.900Z", "user": 1, "content_type": 14, "object_id": "10", "object_repr": "Carrie's famous Wedding Shoes", "action_flag": 1, "change_message": "[{\"added\": {}}]"}}, {"model": "admin.logentry", "pk": 72, "fields": {"action_time": "2022-02-19T22:52:31.106Z", "user": 1, "content_type": 14, "object_id": "11", "object_repr": "Koch top", "action_flag": 1, "change_message": "[{\"added\": {}}]"}}, {"model": "admin.logentry", "pk": 73, "fields": {"action_time": "2022-02-19T22:55:28.560Z", "user": 1, "content_type": 14, "object_id": "12", "object_repr": "Elk  \"Cardis\" fabric bag", "action_flag": 1, "change_message": "[{\"added\": {}}]"}}, {"model": "admin.logentry", "pk": 74, "fields": {"action_time": "2022-02-19T22:55:49.017Z", "user": 1, "content_type": 14, "object_id": "3", "object_repr": "Aquazzura sandals carrie", "action_flag": 2, "change_message": "[{\"changed\": {\"fields\": [\"Name\"]}}]"}}, {"model": "admin.logentry", "pk": 75, "fields": {"action_time": "2022-02-21T21:33:23.965Z", "user": 1, "content_type": 14, "object_id": "13", "object_repr": "Leafy off-the shoulder Jason Wu t top", "action_flag": 1, "change_message": "[{\"added\": {}}]"}}, {"model": "admin.logentry", "pk": 76, "fields": {"action_time": "2022-02-21T21:34:55.072Z", "user": 1, "content_type": 14, "object_id": "14", "object_repr": "White leather Dior \"Bobby\" bag", "action_flag": 1, "change_message": "[{\"added\": {}}]"}}, {"model": "admin.logentry", "pk": 77, "fields": {"action_time": "2022-02-21T21:37:23.884Z", "user": 1, "content_type": 14, "object_id": "15", "object_repr": "Rianna Andnina \"Teasure\" box bag", "action_flag": 1, "change_message": "[{\"added\": {}}]"}}, {"model": "admin.logentry", "pk": 78, "fields": {"action_time": "2022-02-21T21:39:05.743Z", "user": 1, "content_type": 14, "object_id": "16", "object_repr": "White Stella McCartney puffy top", "action_flag": 1, "change_message": "[{\"added\": {}}]"}}, {"model": "admin.logentry", "pk": 79, "fields": {"action_time": "2022-02-21T21:40:48.657Z", "user": 1, "content_type": 14, "object_id": "17", "object_repr": "White Fendi basket", "action_flag": 1, "change_message": "[{\"added\": {}}]"}}, {"model": "admin.logentry", "pk": 80, "fields": {"action_time": "2022-02-21T21:43:12.636Z", "user": 1, "content_type": 14, "object_id": "18", "object_repr": "Silk dress - jumpsuit", "action_flag": 1, "change_message": "[{\"added\": {}}]"}}, {"model": "admin.logentry", "pk": 81, "fields": {"action_time": "2022-02-21T21:45:18.227Z", "user": 1, "content_type": 14, "object_id": "19", "object_repr": "Boat midi dress", "action_flag": 1, "change_message": "[{\"added\": {}}]"}}, {"model": "admin.logentry", "pk": 82, "fields": {"action_time": "2022-02-21T21:47:01.115Z", "user": 1, "content_type": 14, "object_id": "20", "object_repr": "Carolina Herrera off-shoulder top", "action_flag": 1, "change_message": "[{\"added\": {}}]"}}, {"model": "admin.logentry", "pk": 83, "fields": {"action_time": "2022-02-21T21:48:50.418Z", "user": 1, "content_type": 14, "object_id": "21", "object_repr": "“Charity” shirt dress", "action_flag": 1, "change_message": "[{\"added\": {}}]"}}, {"model": "admin.logentry", "pk": 84, "fields": {"action_time": "2022-02-21T21:53:21.298Z", "user": 1, "content_type": 14, "object_id": "22", "object_repr": "Black dress", "action_flag": 1, "change_message": "[{\"added\": {}}]"}}, {"model": "admin.logentry", "pk": 85, "fields": {"action_time": "2022-02-21T21:55:10.604Z", "user": 1, "content_type": 14, "object_id": "23", "object_repr": "Chanel pumps", "action_flag": 1, "change_message": "[{\"added\": {}}]"}}, {"model": "admin.logentry", "pk": 86, "fields": {"action_time": "2022-02-21T21:56:48.932Z", "user": 1, "content_type": 14, "object_id": "24", "object_repr": "Maison Alaia corset shirt", "action_flag": 1, "change_message": "[{\"added\": {}}]"}}, {"model": "admin.logentry", "pk": 87, "fields": {"action_time": "2022-02-21T22:04:40.185Z", "user": 1, "content_type": 14, "object_id": "25", "object_repr": "Louis Vuitton “Capucines\" bag", "action_flag": 1, "change_message": "[{\"added\": {}}]"}}, {"model": "admin.logentry", "pk": 88, "fields": {"action_time": "2022-02-21T22:06:23.789Z", "user": 1, "content_type": 14, "object_id": "26", "object_repr": "Flowery sleeveless dress", "action_flag": 1, "change_message": "[{\"added\": {}}]"}}, {"model": "admin.logentry", "pk": 89, "fields": {"action_time": "2022-02-21T22:08:40.827Z", "user": 1, "content_type": 14, "object_id": "27", "object_repr": "Stuart Weitzman \"Tasha\" pumps", "action_flag": 1, "change_message": "[{\"added\": {}}]"}}, {"model": "admin.logentry", "pk": 90, "fields": {"action_time": "2022-02-21T22:10:26.539Z", "user": 1, "content_type": 14, "object_id": "28", "object_repr": "Animal print wedges", "action_flag": 1, "change_message": "[{\"added\": {}}]"}}, {"model": "admin.logentry", "pk": 91, "fields": {"action_time": "2022-02-21T22:12:18.877Z", "user": 1, "content_type": 14, "object_id": "29", "object_repr": "Mixed metal Lewis chain bag", "action_flag": 1, "change_message": "[{\"added\": {}}]"}}, {"model": "admin.logentry", "pk": 92, "fields": {"action_time": "2022-02-22T18:38:36.139Z", "user": 1, "content_type": 13, "object_id": "7", "object_repr": "miranda", "action_flag": 3, "change_message": ""}}, {"model": "admin.logentry", "pk": 93, "fields": {"action_time": "2022-02-22T18:42:15.712Z", "user": 1, "content_type": 13, "object_id": "13", "object_repr": "tops", "action_flag": 2, "change_message": "[]"}}, {"model": "admin.logentry", "pk": 94, "fields": {"action_time": "2022-02-22T18:42:57.482Z", "user": 1, "content_type": 13, "object_id": "14", "object_repr": "tops carrie", "action_flag": 1, "change_message": "[{\"added\": {}}]"}}, {"model": "admin.logentry", "pk": 95, "fields": {"action_time": "2022-02-22T18:43:08.583Z", "user": 1, "content_type": 13, "object_id": "15", "object_repr": "tops charlotte", "action_flag": 1, "change_message": "[{\"added\": {}}]"}}, {"model": "admin.logentry", "pk": 96, "fields": {"action_time": "2022-02-22T18:43:19.571Z", "user": 1, "content_type": 13, "object_id": "15", "object_repr": "tops charlotte", "action_flag": 3, "change_message": ""}}, {"model": "admin.logentry", "pk": 97, "fields": {"action_time": "2022-02-22T18:43:40.364Z", "user": 1, "content_type": 13, "object_id": "16", "object_repr": "tops charlotte", "action_flag": 1, "change_message": "[{\"added\": {}}]"}}, {"model": "admin.logentry", "pk": 98, "fields": {"action_time": "2022-02-22T18:44:12.352Z", "user": 1, "content_type": 13, "object_id": "17", "object_repr": "carrie dress", "action_flag": 1, "change_message": "[{\"added\": {}}]"}}, {"model": "admin.logentry", "pk": 99, "fields": {"action_time": "2022-02-22T18:44:35.976Z", "user": 1, "content_type": 13, "object_id": "18", "object_repr": "carrie jewelery", "action_flag": 1, "change_message": "[{\"added\": {}}]"}}, {"model": "admin.logentry", "pk": 100, "fields": {"action_time": "2022-02-22T18:45:00.171Z", "user": 1, "content_type": 13, "object_id": "19", "object_repr": "carrie blazers", "action_flag": 1, "change_message": "[{\"added\": {}}]"}}, {"model": "admin.logentry", "pk": 101, "fields": {"action_time": "2022-02-22T18:45:18.219Z", "user": 1, "content_type": 13, "object_id": "20", "object_repr": "carrie shoes", "action_flag": 1, "change_message": "[{\"added\": {}}]"}}, {"model": "admin.logentry", "pk": 102, "fields": {"action_time": "2022-02-22T18:45:33.227Z", "user": 1, "content_type": 13, "object_id": "21", "object_repr": "carrie shirts", "action_flag": 1, "change_message": "[{\"added\": {}}]"}}, {"model": "admin.logentry", "pk": 103, "fields": {"action_time": "2022-02-22T18:45:47.323Z", "user": 1, "content_type": 13, "object_id": "22", "object_repr": "carrie bags", "action_flag": 1, "change_message": "[{\"added\": {}}]"}}, {"model": "admin.logentry", "pk": 104, "fields": {"action_time": "2022-02-22T18:46:13.313Z", "user": 1, "content_type": 13, "object_id": "23", "object_repr": "charlotte dresses", "action_flag": 1, "change_message": "[{\"added\": {}}]"}}, {"model": "admin.logentry", "pk": 105, "fields": {"action_time": "2022-02-22T18:46:37.254Z", "user": 1, "content_type": 13, "object_id": "24", "object_repr": "charlotte coats", "action_flag": 1, "change_message": "[{\"added\": {}}]"}}, {"model": "admin.logentry", "pk": 106, "fields": {"action_time": "2022-02-22T18:46:58.429Z", "user": 1, "content_type": 13, "object_id": "25", "object_repr": "charlotte jewellery", "action_flag": 1, "change_message": "[{\"added\": {}}]"}}, {"model": "admin.logentry", "pk": 107, "fields": {"action_time": "2022-02-22T18:47:16.599Z", "user": 1, "content_type": 13, "object_id": "26", "object_repr": "charlotte blazers", "action_flag": 1, "change_message": "[{\"added\": {}}]"}}, {"model": "admin.logentry", "pk": 108, "fields": {"action_time": "2022-02-22T18:47:32.626Z", "user": 1, "content_type": 13, "object_id": "27", "object_repr": "charlotte shoes", "action_flag": 1, "change_message": "[{\"added\": {}}]"}}, {"model": "admin.logentry", "pk": 109, "fields": {"action_time": "2022-02-22T18:47:47.818Z", "user": 1, "content_type": 13, "object_id": "28", "object_repr": "charlotte shoes", "action_flag": 1, "change_message": "[{\"added\": {}}]"}}, {"model": "admin.logentry", "pk": 110, "fields": {"action_time": "2022-02-22T18:48:05.124Z", "user": 1, "content_type": 13, "object_id": "29", "object_repr": "charlotte bags", "action_flag": 1, "change_message": "[{\"added\": {}}]"}}, {"model": "admin.logentry", "pk": 111, "fields": {"action_time": "2022-02-22T18:48:25.398Z", "user": 1, "content_type": 13, "object_id": "30", "object_repr": "charlotte skirts", "action_flag": 1, "change_message": "[{\"added\": {}}]"}}, {"model": "admin.logentry", "pk": 112, "fields": {"action_time": "2022-02-22T18:48:40.753Z", "user": 1, "content_type": 13, "object_id": "31", "object_repr": "miranda tops", "action_flag": 1, "change_message": "[{\"added\": {}}]"}}, {"model": "admin.logentry", "pk": 113, "fields": {"action_time": "2022-02-22T18:48:56.874Z", "user": 1, "content_type": 13, "object_id": "32", "object_repr": "miranda dresses", "action_flag": 1, "change_message": "[{\"added\": {}}]"}}, {"model": "admin.logentry", "pk": 114, "fields": {"action_time": "2022-02-22T18:49:10.049Z", "user": 1, "content_type": 13, "object_id": "33", "object_repr": "miranda coats", "action_flag": 1, "change_message": "[{\"added\": {}}]"}}, {"model": "admin.logentry", "pk": 115, "fields": {"action_time": "2022-02-22T18:49:28.547Z", "user": 1, "content_type": 13, "object_id": "34", "object_repr": "miranda jewellery", "action_flag": 1, "change_message": "[{\"added\": {}}]"}}, {"model": "admin.logentry", "pk": 116, "fields": {"action_time": "2022-02-22T18:49:46.000Z", "user": 1, "content_type": 13, "object_id": "35", "object_repr": "miranda blazers", "action_flag": 1, "change_message": "[{\"added\": {}}]"}}, {"model": "admin.logentry", "pk": 117, "fields": {"action_time": "2022-02-22T18:49:57.963Z", "user": 1, "content_type": 13, "object_id": "36", "object_repr": "miranda shoes", "action_flag": 1, "change_message": "[{\"added\": {}}]"}}, {"model": "admin.logentry", "pk": 118, "fields": {"action_time": "2022-02-22T18:50:16.048Z", "user": 1, "content_type": 13, "object_id": "37", "object_repr": "miranda skirts", "action_flag": 1, "change_message": "[{\"added\": {}}]"}}, {"model": "admin.logentry", "pk": 119, "fields": {"action_time": "2022-02-22T18:50:30.086Z", "user": 1, "content_type": 13, "object_id": "38", "object_repr": "miranda bags", "action_flag": 1, "change_message": "[{\"added\": {}}]"}}, {"model": "admin.logentry", "pk": 120, "fields": {"action_time": "2022-02-22T18:51:33.665Z", "user": 1, "content_type": 14, "object_id": "26", "object_repr": "Flowery sleeveless dress", "action_flag": 2, "change_message": "[{\"changed\": {\"fields\": [\"Category\"]}}]"}}, {"model": "admin.logentry", "pk": 121, "fields": {"action_time": "2022-02-22T18:51:55.606Z", "user": 1, "content_type": 14, "object_id": "8", "object_repr": "Norma Kamali block blazer", "action_flag": 2, "change_message": "[{\"changed\": {\"fields\": [\"Category\"]}}]"}}, {"model": "admin.logentry", "pk": 122, "fields": {"action_time": "2022-02-22T18:52:12.573Z", "user": 1, "content_type": 14, "object_id": "11", "object_repr": "Koch top", "action_flag": 2, "change_message": "[{\"changed\": {\"fields\": [\"Category\"]}}]"}}, {"model": "admin.logentry", "pk": 123, "fields": {"action_time": "2022-02-22T18:52:27.653Z", "user": 1, "content_type": 14, "object_id": "18", "object_repr": "Silk dress - jumpsuit", "action_flag": 2, "change_message": "[{\"changed\": {\"fields\": [\"Category\"]}}]"}}, {"model": "admin.logentry", "pk": 124, "fields": {"action_time": "2022-02-22T18:52:38.564Z", "user": 1, "content_type": 14, "object_id": "21", "object_repr": "“Charity” shirt dress", "action_flag": 2, "change_message": "[{\"changed\": {\"fields\": [\"Category\"]}}]"}}, {"model": "admin.logentry", "pk": 125, "fields": {"action_time": "2022-02-22T18:52:48.119Z", "user": 1, "content_type": 14, "object_id": "22", "object_repr": "Black dress", "action_flag": 2, "change_message": "[{\"changed\": {\"fields\": [\"Category\"]}}]"}}, {"model": "admin.logentry", "pk": 126, "fields": {"action_time": "2022-02-22T18:53:28.842Z", "user": 1, "content_type": 13, "object_id": "27", "object_repr": "charlotte shoes", "action_flag": 3, "change_message": ""}}, {"model": "admin.logentry", "pk": 127, "fields": {"action_time": "2022-02-22T18:54:17.547Z", "user": 1, "content_type": 13, "object_id": "39", "object_repr": "charlotte tops", "action_flag": 1, "change_message": "[{\"added\": {}}]"}}, {"model": "admin.logentry", "pk": 128, "fields": {"action_time": "2022-02-22T18:55:01.721Z", "user": 1, "content_type": 14, "object_id": "24", "object_repr": "Maison Alaia corset shirt", "action_flag": 2, "change_message": "[{\"changed\": {\"fields\": [\"Category\"]}}]"}}, {"model": "admin.logentry", "pk": 129, "fields": {"action_time": "2022-02-22T18:55:11.356Z", "user": 1, "content_type": 14, "object_id": "3", "object_repr": "Aquazzura sandals carrie", "action_flag": 2, "change_message": "[{\"changed\": {\"fields\": [\"Category\"]}}]"}}, {"model": "admin.logentry", "pk": 130, "fields": {"action_time": "2022-02-22T18:55:20.237Z", "user": 1, "content_type": 14, "object_id": "28", "object_repr": "Animal print wedges", "action_flag": 2, "change_message": "[{\"changed\": {\"fields\": [\"Category\"]}}]"}}, {"model": "admin.logentry", "pk": 131, "fields": {"action_time": "2022-02-22T18:55:30.853Z", "user": 1, "content_type": 14, "object_id": "10", "object_repr": "Carrie's famous Wedding Shoes", "action_flag": 2, "change_message": "[{\"changed\": {\"fields\": [\"Category\"]}}]"}}, {"model": "admin.logentry", "pk": 132, "fields": {"action_time": "2022-02-22T18:55:45.181Z", "user": 1, "content_type": 14, "object_id": "23", "object_repr": "Chanel pumps", "action_flag": 2, "change_message": "[{\"changed\": {\"fields\": [\"Category\"]}}]"}}, {"model": "admin.logentry", "pk": 133, "fields": {"action_time": "2022-02-22T18:55:58.110Z", "user": 1, "content_type": 14, "object_id": "27", "object_repr": "Stuart Weitzman \"Tasha\" pumps", "action_flag": 2, "change_message": "[{\"changed\": {\"fields\": [\"Category\"]}}]"}}, {"model": "admin.logentry", "pk": 134, "fields": {"action_time": "2022-02-22T18:56:16.623Z", "user": 1, "content_type": 14, "object_id": "2", "object_repr": "Paco Rabanne bag", "action_flag": 2, "change_message": "[{\"changed\": {\"fields\": [\"Category\"]}}]"}}, {"model": "admin.logentry", "pk": 135, "fields": {"action_time": "2022-02-22T18:56:27.341Z", "user": 1, "content_type": 14, "object_id": "25", "object_repr": "Louis Vuitton “Capucines\" bag", "action_flag": 2, "change_message": "[{\"changed\": {\"fields\": [\"Category\"]}}]"}}, {"model": "admin.logentry", "pk": 136, "fields": {"action_time": "2022-02-22T18:56:44.061Z", "user": 1, "content_type": 14, "object_id": "5", "object_repr": "Sensi Studio red bag", "action_flag": 2, "change_message": "[{\"changed\": {\"fields\": [\"Category\"]}}]"}}, {"model": "admin.logentry", "pk": 137, "fields": {"action_time": "2022-02-22T18:56:55.219Z", "user": 1, "content_type": 14, "object_id": "9", "object_repr": "Ioewe \"Balloon\" bag", "action_flag": 2, "change_message": "[{\"changed\": {\"fields\": [\"Category\"]}}]"}}, {"model": "admin.logentry", "pk": 138, "fields": {"action_time": "2022-02-22T18:57:05.258Z", "user": 1, "content_type": 14, "object_id": "12", "object_repr": "Elk  \"Cardis\" fabric bag", "action_flag": 2, "change_message": "[{\"changed\": {\"fields\": [\"Category\"]}}]"}}, {"model": "admin.logentry", "pk": 139, "fields": {"action_time": "2022-02-22T18:57:16.353Z", "user": 1, "content_type": 14, "object_id": "14", "object_repr": "White leather Dior \"Bobby\" bag", "action_flag": 2, "change_message": "[{\"changed\": {\"fields\": [\"Category\"]}}]"}}, {"model": "admin.logentry", "pk": 140, "fields": {"action_time": "2022-02-22T18:57:26.373Z", "user": 1, "content_type": 14, "object_id": "17", "object_repr": "White Fendi basket", "action_flag": 2, "change_message": "[{\"changed\": {\"fields\": [\"Category\"]}}]"}}, {"model": "admin.logentry", "pk": 141, "fields": {"action_time": "2022-02-22T18:57:35.840Z", "user": 1, "content_type": 14, "object_id": "29", "object_repr": "Mixed metal Lewis chain bag", "action_flag": 2, "change_message": "[{\"changed\": {\"fields\": [\"Category\"]}}]"}}, {"model": "admin.logentry", "pk": 142, "fields": {"action_time": "2022-02-22T18:57:46.081Z", "user": 1, "content_type": 14, "object_id": "15", "object_repr": "Rianna Andnina \"Teasure\" box bag", "action_flag": 2, "change_message": "[{\"changed\": {\"fields\": [\"Category\"]}}]"}}, {"model": "admin.logentry", "pk": 143, "fields": {"action_time": "2022-02-22T18:57:55.019Z", "user": 1, "content_type": 14, "object_id": "13", "object_repr": "Leafy off-the shoulder Jason Wu t top", "action_flag": 2, "change_message": "[{\"changed\": {\"fields\": [\"Category\"]}}]"}}, {"model": "admin.logentry", "pk": 144, "fields": {"action_time": "2022-02-22T18:58:03.638Z", "user": 1, "content_type": 14, "object_id": "4", "object_repr": "Another Stories top", "action_flag": 2, "change_message": "[{\"changed\": {\"fields\": [\"Category\"]}}]"}}, {"model": "admin.logentry", "pk": 145, "fields": {"action_time": "2022-02-22T18:58:12.280Z", "user": 1, "content_type": 14, "object_id": "16", "object_repr": "White Stella McCartney puffy top", "action_flag": 2, "change_message": "[{\"changed\": {\"fields\": [\"Category\"]}}]"}}, {"model": "admin.logentry", "pk": 146, "fields": {"action_time": "2022-02-22T18:58:23.694Z", "user": 1, "content_type": 14, "object_id": "20", "object_repr": "Carolina Herrera off-shoulder top", "action_flag": 2, "change_message": "[{\"changed\": {\"fields\": [\"Category\"]}}]"}}, {"model": "admin.logentry", "pk": 147, "fields": {"action_time": "2022-02-22T18:58:34.101Z", "user": 1, "content_type": 14, "object_id": "6", "object_repr": "Lagence long checked dress", "action_flag": 2, "change_message": "[{\"changed\": {\"fields\": [\"Category\"]}}]"}}, {"model": "admin.logentry", "pk": 148, "fields": {"action_time": "2022-02-22T18:58:46.987Z", "user": 1, "content_type": 14, "object_id": "7", "object_repr": "Dries Van Noten midi dress", "action_flag": 2, "change_message": "[{\"changed\": {\"fields\": [\"Category\"]}}]"}}, {"model": "admin.logentry", "pk": 149, "fields": {"action_time": "2022-02-22T18:58:54.932Z", "user": 1, "content_type": 14, "object_id": "19", "object_repr": "Boat midi dress", "action_flag": 2, "change_message": "[{\"changed\": {\"fields\": [\"Category\"]}}]"}}, {"model": "admin.logentry", "pk": 150, "fields": {"action_time": "2022-02-22T18:59:22.146Z", "user": 1, "content_type": 14, "object_id": "26", "object_repr": "Flowery sleeveless dress", "action_flag": 2, "change_message": "[]"}}, {"model": "admin.logentry", "pk": 151, "fields": {"action_time": "2022-02-22T18:59:34.154Z", "user": 1, "content_type": 13, "object_id": "39", "object_repr": "charlotte_tops", "action_flag": 2, "change_message": "[{\"changed\": {\"fields\": [\"Name\"]}}]"}}, {"model": "admin.logentry", "pk": 152, "fields": {"action_time": "2022-02-22T18:59:40.846Z", "user": 1, "content_type": 13, "object_id": "38", "object_repr": "miranda_bags", "action_flag": 2, "change_message": "[{\"changed\": {\"fields\": [\"Name\"]}}]"}}, {"model": "admin.logentry", "pk": 153, "fields": {"action_time": "2022-02-22T18:59:48.446Z", "user": 1, "content_type": 13, "object_id": "37", "object_repr": "miranda_skirts", "action_flag": 2, "change_message": "[{\"changed\": {\"fields\": [\"Name\"]}}]"}}, {"model": "admin.logentry", "pk": 154, "fields": {"action_time": "2022-02-22T18:59:59.163Z", "user": 1, "content_type": 13, "object_id": "36", "object_repr": "miranda_shoes", "action_flag": 2, "change_message": "[{\"changed\": {\"fields\": [\"Name\"]}}]"}}, {"model": "admin.logentry", "pk": 155, "fields": {"action_time": "2022-02-22T19:00:06.750Z", "user": 1, "content_type": 13, "object_id": "35", "object_repr": "miranda_blazers", "action_flag": 2, "change_message": "[{\"changed\": {\"fields\": [\"Name\"]}}]"}}, {"model": "admin.logentry", "pk": 156, "fields": {"action_time": "2022-02-22T19:00:14.570Z", "user": 1, "content_type": 13, "object_id": "34", "object_repr": "miranda_jewellery", "action_flag": 2, "change_message": "[{\"changed\": {\"fields\": [\"Name\"]}}]"}}, {"model": "admin.logentry", "pk": 157, "fields": {"action_time": "2022-02-22T19:00:20.890Z", "user": 1, "content_type": 13, "object_id": "33", "object_repr": "miranda_coats", "action_flag": 2, "change_message": "[{\"changed\": {\"fields\": [\"Name\"]}}]"}}, {"model": "admin.logentry", "pk": 158, "fields": {"action_time": "2022-02-22T19:00:27.894Z", "user": 1, "content_type": 13, "object_id": "32", "object_repr": "miranda_dresses", "action_flag": 2, "change_message": "[{\"changed\": {\"fields\": [\"Name\"]}}]"}}, {"model": "admin.logentry", "pk": 159, "fields": {"action_time": "2022-02-22T19:00:34.702Z", "user": 1, "content_type": 13, "object_id": "31", "object_repr": "miranda_tops", "action_flag": 2, "change_message": "[{\"changed\": {\"fields\": [\"Name\"]}}]"}}, {"model": "admin.logentry", "pk": 160, "fields": {"action_time": "2022-02-22T19:00:47.317Z", "user": 1, "content_type": 13, "object_id": "30", "object_repr": "charlotte_skirts", "action_flag": 2, "change_message": "[{\"changed\": {\"fields\": [\"Name\"]}}]"}}, {"model": "admin.logentry", "pk": 161, "fields": {"action_time": "2022-02-22T19:00:55.748Z", "user": 1, "content_type": 13, "object_id": "29", "object_repr": "charlotte_bags", "action_flag": 2, "change_message": "[{\"changed\": {\"fields\": [\"Name\"]}}]"}}, {"model": "admin.logentry", "pk": 162, "fields": {"action_time": "2022-02-22T19:01:03.454Z", "user": 1, "content_type": 13, "object_id": "28", "object_repr": "charlotte_shoes", "action_flag": 2, "change_message": "[{\"changed\": {\"fields\": [\"Name\"]}}]"}}, {"model": "admin.logentry", "pk": 163, "fields": {"action_time": "2022-02-22T19:01:11.337Z", "user": 1, "content_type": 13, "object_id": "26", "object_repr": "charlotte_blazers", "action_flag": 2, "change_message": "[{\"changed\": {\"fields\": [\"Name\"]}}]"}}, {"model": "admin.logentry", "pk": 164, "fields": {"action_time": "2022-02-22T19:01:23.143Z", "user": 1, "content_type": 13, "object_id": "25", "object_repr": "charlotte_jewellery", "action_flag": 2, "change_message": "[{\"changed\": {\"fields\": [\"Name\"]}}]"}}, {"model": "admin.logentry", "pk": 165, "fields": {"action_time": "2022-02-22T19:01:30.893Z", "user": 1, "content_type": 13, "object_id": "24", "object_repr": "charlotte_coats", "action_flag": 2, "change_message": "[{\"changed\": {\"fields\": [\"Name\"]}}]"}}, {"model": "admin.logentry", "pk": 166, "fields": {"action_time": "2022-02-22T19:01:38.586Z", "user": 1, "content_type": 13, "object_id": "23", "object_repr": "charlotte_dresses", "action_flag": 2, "change_message": "[{\"changed\": {\"fields\": [\"Name\"]}}]"}}, {"model": "admin.logentry", "pk": 167, "fields": {"action_time": "2022-02-22T19:01:46.861Z", "user": 1, "content_type": 13, "object_id": "22", "object_repr": "carrie_bags", "action_flag": 2, "change_message": "[{\"changed\": {\"fields\": [\"Name\"]}}]"}}, {"model": "admin.logentry", "pk": 168, "fields": {"action_time": "2022-02-22T19:01:55.348Z", "user": 1, "content_type": 13, "object_id": "21", "object_repr": "carrie_shirts", "action_flag": 2, "change_message": "[{\"changed\": {\"fields\": [\"Name\"]}}]"}}, {"model": "admin.logentry", "pk": 169, "fields": {"action_time": "2022-02-22T19:02:03.461Z", "user": 1, "content_type": 13, "object_id": "20", "object_repr": "carrie_shoes", "action_flag": 2, "change_message": "[{\"changed\": {\"fields\": [\"Name\"]}}]"}}, {"model": "admin.logentry", "pk": 170, "fields": {"action_time": "2022-02-22T19:02:10.341Z", "user": 1, "content_type": 13, "object_id": "19", "object_repr": "carrie_blazers", "action_flag": 2, "change_message": "[{\"changed\": {\"fields\": [\"Name\"]}}]"}}, {"model": "admin.logentry", "pk": 171, "fields": {"action_time": "2022-02-22T19:02:18.977Z", "user": 1, "content_type": 13, "object_id": "18", "object_repr": "carrie_jewelery", "action_flag": 2, "change_message": "[{\"changed\": {\"fields\": [\"Name\"]}}]"}}, {"model": "admin.logentry", "pk": 172, "fields": {"action_time": "2022-02-22T19:02:34.166Z", "user": 1, "content_type": 13, "object_id": "17", "object_repr": "carrie_dresses", "action_flag": 2, "change_message": "[{\"changed\": {\"fields\": [\"Name\"]}}]"}}, {"model": "admin.logentry", "pk": 173, "fields": {"action_time": "2022-02-22T19:02:47.417Z", "user": 1, "content_type": 13, "object_id": "16", "object_repr": "charlotte_tops", "action_flag": 2, "change_message": "[{\"changed\": {\"fields\": [\"Name\"]}}]"}}, {"model": "admin.logentry", "pk": 174, "fields": {"action_time": "2022-02-22T19:02:59.777Z", "user": 1, "content_type": 13, "object_id": "14", "object_repr": "carrie_tops", "action_flag": 2, "change_message": "[{\"changed\": {\"fields\": [\"Name\"]}}]"}}, {"model": "admin.logentry", "pk": 175, "fields": {"action_time": "2022-02-22T19:18:36.238Z", "user": 1, "content_type": 13, "object_id": "18", "object_repr": "carrie_jewellery", "action_flag": 2, "change_message": "[{\"changed\": {\"fields\": [\"Name\", \"Friendly name\"]}}]"}}, {"model": "admin.logentry", "pk": 176, "fields": {"action_time": "2022-02-22T19:18:41.938Z", "user": 1, "content_type": 13, "object_id": "25", "object_repr": "charlotte_jewellery", "action_flag": 2, "change_message": "[]"}}, {"model": "admin.logentry", "pk": 177, "fields": {"action_time": "2022-02-22T19:30:09.066Z", "user": 1, "content_type": 14, "object_id": "3", "object_repr": "Aquazzura shoe sandals carrie", "action_flag": 2, "change_message": "[{\"changed\": {\"fields\": [\"Name\"]}}]"}}, {"model": "admin.logentry", "pk": 178, "fields": {"action_time": "2022-02-22T19:34:20.024Z", "user": 1, "content_type": 14, "object_id": "26", "object_repr": "Flowery sleeveless dress", "action_flag": 2, "change_message": "[{\"changed\": {\"fields\": [\"Description\"]}}]"}}, {"model": "admin.logentry", "pk": 179, "fields": {"action_time": "2022-02-22T19:35:47.268Z", "user": 1, "content_type": 14, "object_id": "28", "object_repr": "Animal print shoes - wedges", "action_flag": 2, "change_message": "[{\"changed\": {\"fields\": [\"Name\"]}}]"}}, {"model": "admin.logentry", "pk": 180, "fields": {"action_time": "2022-02-22T19:36:03.423Z", "user": 1, "content_type": 14, "object_id": "23", "object_repr": "Chanel shoes - pumps", "action_flag": 2, "change_message": "[{\"changed\": {\"fields\": [\"Name\"]}}]"}}, {"model": "admin.logentry", "pk": 181, "fields": {"action_time": "2022-02-22T19:36:16.439Z", "user": 1, "content_type": 14, "object_id": "27", "object_repr": "Stuart Weitzman \"Tasha\" shoes - pumps", "action_flag": 2, "change_message": "[{\"changed\": {\"fields\": [\"Name\"]}}]"}}, {"model": "admin.logentry", "pk": 182, "fields": {"action_time": "2022-02-22T19:36:29.388Z", "user": 1, "content_type": 14, "object_id": "17", "object_repr": "White Fendi basket bag", "action_flag": 2, "change_message": "[{\"changed\": {\"fields\": [\"Name\"]}}]"}}, {"model": "admin.logentry", "pk": 183, "fields": {"action_time": "2022-02-22T19:36:47.012Z", "user": 1, "content_type": 14, "object_id": "13", "object_repr": "Leafy off-the shoulder Jason Wu top", "action_flag": 2, "change_message": "[{\"changed\": {\"fields\": [\"Name\"]}}]"}}, {"model": "admin.logentry", "pk": 184, "fields": {"action_time": "2022-02-22T22:50:38.901Z", "user": 1, "content_type": 14, "object_id": "30", "object_repr": "Red midi skirt", "action_flag": 1, "change_message": "[{\"added\": {}}]"}}, {"model": "admin.logentry", "pk": 185, "fields": {"action_time": "2022-02-22T22:52:29.814Z", "user": 1, "content_type": 14, "object_id": "31", "object_repr": "vintage pink suede bag", "action_flag": 1, "change_message": "[{\"added\": {}}]"}}, {"model": "admin.logentry", "pk": 186, "fields": {"action_time": "2022-02-22T22:55:11.809Z", "user": 1, "content_type": 14, "object_id": "32", "object_repr": "Flowery Prada shoes", "action_flag": 1, "change_message": "[{\"added\": {}}]"}}, {"model": "admin.logentry", "pk": 187, "fields": {"action_time": "2022-02-22T22:57:58.208Z", "user": 1, "content_type": 14, "object_id": "33", "object_repr": "Swan necklace", "action_flag": 1, "change_message": "[{\"added\": {}}]"}}, {"model": "admin.logentry", "pk": 188, "fields": {"action_time": "2022-02-22T23:00:33.094Z", "user": 1, "content_type": 14, "object_id": "34", "object_repr": "Alexander McQueen draped dress", "action_flag": 1, "change_message": "[{\"added\": {}}]"}}, {"model": "admin.logentry", "pk": 189, "fields": {"action_time": "2022-02-22T23:02:55.033Z", "user": 1, "content_type": 14, "object_id": "35", "object_repr": "Golden vintage shoes", "action_flag": 1, "change_message": "[{\"added\": {}}]"}}, {"model": "admin.logentry", "pk": 190, "fields": {"action_time": "2022-02-22T23:05:22.311Z", "user": 1, "content_type": 14, "object_id": "36", "object_repr": "Vintage necklaces", "action_flag": 1, "change_message": "[{\"added\": {}}]"}}, {"model": "admin.logentry", "pk": 191, "fields": {"action_time": "2022-02-22T23:07:03.436Z", "user": 1, "content_type": 14, "object_id": "37", "object_repr": "Red Chanel clutch bag", "action_flag": 1, "change_message": "[{\"added\": {}}]"}}, {"model": "admin.logentry", "pk": 192, "fields": {"action_time": "2022-02-22T23:09:49.297Z", "user": 1, "content_type": 14, "object_id": "38", "object_repr": "Louis Vuitton “Capucines\" bag", "action_flag": 1, "change_message": "[{\"added\": {}}]"}}, {"model": "admin.logentry", "pk": 193, "fields": {"action_time": "2022-02-22T23:12:05.444Z", "user": 1, "content_type": 14, "object_id": "39", "object_repr": "Alexander McQueen midi skirt", "action_flag": 1, "change_message": "[{\"added\": {}}]"}}, {"model": "admin.logentry", "pk": 194, "fields": {"action_time": "2022-02-22T23:14:10.927Z", "user": 1, "content_type": 14, "object_id": "40", "object_repr": "Mini golden bead necklace", "action_flag": 1, "change_message": "[{\"added\": {}}]"}}, {"model": "admin.logentry", "pk": 195, "fields": {"action_time": "2022-02-26T14:47:54.919Z", "user": 1, "content_type": 13, "object_id": "37", "object_repr": "miranda_skirts", "action_flag": 3, "change_message": ""}}, {"model": "admin.logentry", "pk": 196, "fields": {"action_time": "2022-02-26T14:47:54.923Z", "user": 1, "content_type": 13, "object_id": "35", "object_repr": "miranda_blazers", "action_flag": 3, "change_message": ""}}, {"model": "admin.logentry", "pk": 197, "fields": {"action_time": "2022-02-26T14:47:54.926Z", "user": 1, "content_type": 13, "object_id": "34", "object_repr": "miranda_jewellery", "action_flag": 3, "change_message": ""}}, {"model": "admin.logentry", "pk": 198, "fields": {"action_time": "2022-02-26T14:47:54.929Z", "user": 1, "content_type": 13, "object_id": "33", "object_repr": "miranda_coats", "action_flag": 3, "change_message": ""}}, {"model": "admin.logentry", "pk": 199, "fields": {"action_time": "2022-02-26T14:47:54.931Z", "user": 1, "content_type": 13, "object_id": "26", "object_repr": "charlotte_blazers", "action_flag": 3, "change_message": ""}}, {"model": "admin.logentry", "pk": 200, "fields": {"action_time": "2022-02-26T14:47:54.934Z", "user": 1, "content_type": 13, "object_id": "24", "object_repr": "charlotte_coats", "action_flag": 3, "change_message": ""}}, {"model": "admin.logentry", "pk": 201, "fields": {"action_time": "2022-02-26T14:47:54.937Z", "user": 1, "content_type": 13, "object_id": "21", "object_repr": "carrie_shirts", "action_flag": 3, "change_message": ""}}, {"model": "admin.logentry", "pk": 202, "fields": {"action_time": "2022-02-26T14:47:54.940Z", "user": 1, "content_type": 13, "object_id": "17", "object_repr": "carrie_dresses", "action_flag": 3, "change_message": ""}}, {"model": "admin.logentry", "pk": 203, "fields": {"action_time": "2022-02-26T14:47:54.943Z", "user": 1, "content_type": 13, "object_id": "14", "object_repr": "carrie_tops", "action_flag": 3, "change_message": ""}}, {"model": "admin.logentry", "pk": 204, "fields": {"action_time": "2022-02-26T14:48:06.840Z", "user": 1, "content_type": 13, "object_id": "13", "object_repr": "tops", "action_flag": 3, "change_message": ""}}, {"model": "admin.logentry", "pk": 205, "fields": {"action_time": "2022-02-26T14:48:06.843Z", "user": 1, "content_type": 13, "object_id": "9", "object_repr": "dresses", "action_flag": 3, "change_message": ""}}, {"model": "admin.logentry", "pk": 206, "fields": {"action_time": "2022-02-26T14:48:06.846Z", "user": 1, "content_type": 13, "object_id": "6", "object_repr": "coats", "action_flag": 3, "change_message": ""}}, {"model": "admin.logentry", "pk": 207, "fields": {"action_time": "2022-02-26T14:48:06.849Z", "user": 1, "content_type": 13, "object_id": "5", "object_repr": "jewellery", "action_flag": 3, "change_message": ""}}, {"model": "admin.logentry", "pk": 208, "fields": {"action_time": "2022-02-26T14:48:06.851Z", "user": 1, "content_type": 13, "object_id": "4", "object_repr": "blazers", "action_flag": 3, "change_message": ""}}, {"model": "admin.logentry", "pk": 209, "fields": {"action_time": "2022-02-26T14:48:06.854Z", "user": 1, "content_type": 13, "object_id": "3", "object_repr": "shoes", "action_flag": 3, "change_message": ""}}, {"model": "admin.logentry", "pk": 210, "fields": {"action_time": "2022-02-26T14:48:06.856Z", "user": 1, "content_type": 13, "object_id": "2", "object_repr": "skirts", "action_flag": 3, "change_message": ""}}, {"model": "admin.logentry", "pk": 211, "fields": {"action_time": "2022-02-26T14:48:06.859Z", "user": 1, "content_type": 13, "object_id": "1", "object_repr": "bags", "action_flag": 3, "change_message": ""}}, {"model": "admin.logentry", "pk": 212, "fields": {"action_time": "2022-02-26T14:50:43.516Z", "user": 1, "content_type": 14, "object_id": "26", "object_repr": "Flowery sleeveless dress", "action_flag": 2, "change_message": "[{\"changed\": {\"fields\": [\"Description\"]}}]"}}, {"model": "admin.logentry", "pk": 213, "fields": {"action_time": "2022-02-26T14:51:00.015Z", "user": 1, "content_type": 14, "object_id": "8", "object_repr": "Norma Kamali block blazer", "action_flag": 2, "change_message": "[{\"changed\": {\"fields\": [\"Description\"]}}]"}}, {"model": "admin.logentry", "pk": 214, "fields": {"action_time": "2022-02-26T14:51:18.518Z", "user": 1, "content_type": 14, "object_id": "11", "object_repr": "Koch top", "action_flag": 2, "change_message": "[{\"changed\": {\"fields\": [\"Description\"]}}]"}}, {"model": "admin.logentry", "pk": 215, "fields": {"action_time": "2022-02-26T14:52:26.962Z", "user": 1, "content_type": 14, "object_id": "3", "object_repr": "Aquazzura shoe sandals carrie", "action_flag": 2, "change_message": "[{\"changed\": {\"fields\": [\"Description\"]}}]"}}, {"model": "admin.logentry", "pk": 216, "fields": {"action_time": "2022-02-26T14:52:50.900Z", "user": 1, "content_type": 14, "object_id": "10", "object_repr": "Carrie's famous Wedding Shoes", "action_flag": 2, "change_message": "[{\"changed\": {\"fields\": [\"Description\"]}}]"}}, {"model": "admin.logentry", "pk": 217, "fields": {"action_time": "2022-02-26T14:54:08.534Z", "user": 1, "content_type": 14, "object_id": "2", "object_repr": "Paco Rabanne bag", "action_flag": 2, "change_message": "[{\"changed\": {\"fields\": [\"Description\"]}}]"}}, {"model": "admin.logentry", "pk": 218, "fields": {"action_time": "2022-02-26T14:54:24.307Z", "user": 1, "content_type": 14, "object_id": "5", "object_repr": "Sensi Studio red bag", "action_flag": 2, "change_message": "[{\"changed\": {\"fields\": [\"Description\"]}}]"}}, {"model": "admin.logentry", "pk": 219, "fields": {"action_time": "2022-02-26T14:54:39.934Z", "user": 1, "content_type": 14, "object_id": "9", "object_repr": "Ioewe \"Balloon\" bag", "action_flag": 2, "change_message": "[{\"changed\": {\"fields\": [\"Description\"]}}]"}}, {"model": "admin.logentry", "pk": 220, "fields": {"action_time": "2022-02-26T14:54:56.696Z", "user": 1, "content_type": 14, "object_id": "12", "object_repr": "Elk  \"Cardis\" fabric bag", "action_flag": 2, "change_message": "[{\"changed\": {\"fields\": [\"Description\"]}}]"}}, {"model": "admin.logentry", "pk": 221, "fields": {"action_time": "2022-02-26T14:55:09.595Z", "user": 1, "content_type": 14, "object_id": "14", "object_repr": "White leather Dior \"Bobby\" bag", "action_flag": 2, "change_message": "[{\"changed\": {\"fields\": [\"Description\"]}}]"}}, {"model": "admin.logentry", "pk": 222, "fields": {"action_time": "2022-02-26T14:55:19.776Z", "user": 1, "content_type": 14, "object_id": "17", "object_repr": "White Fendi basket bag", "action_flag": 2, "change_message": "[{\"changed\": {\"fields\": [\"Description\"]}}]"}}, {"model": "admin.logentry", "pk": 223, "fields": {"action_time": "2022-02-26T14:55:44.102Z", "user": 1, "content_type": 14, "object_id": "13", "object_repr": "Leafy off-the shoulder Jason Wu top", "action_flag": 2, "change_message": "[{\"changed\": {\"fields\": [\"Description\"]}}]"}}, {"model": "admin.logentry", "pk": 224, "fields": {"action_time": "2022-02-26T14:55:55.611Z", "user": 1, "content_type": 14, "object_id": "4", "object_repr": "Another Stories top", "action_flag": 2, "change_message": "[{\"changed\": {\"fields\": [\"Description\"]}}]"}}, {"model": "admin.logentry", "pk": 225, "fields": {"action_time": "2022-02-26T14:56:09.743Z", "user": 1, "content_type": 14, "object_id": "6", "object_repr": "Lagence long checked dress", "action_flag": 2, "change_message": "[{\"changed\": {\"fields\": [\"Description\"]}}]"}}, {"model": "admin.logentry", "pk": 226, "fields": {"action_time": "2022-02-26T14:56:19.919Z", "user": 1, "content_type": 14, "object_id": "7", "object_repr": "Dries Van Noten midi dress", "action_flag": 2, "change_message": "[{\"changed\": {\"fields\": [\"Description\"]}}]"}}, {"model": "admin.logentry", "pk": 227, "fields": {"action_time": "2022-02-26T15:03:00.878Z", "user": 1, "content_type": 14, "object_id": "20", "object_repr": "Carolina Herrera off-shoulder top", "action_flag": 2, "change_message": "[]"}}, {"model": "admin.logentry", "pk": 228, "fields": {"action_time": "2022-02-26T15:37:39.743Z", "user": 1, "content_type": 13, "object_id": "16", "object_repr": "charlotte_tops", "action_flag": 3, "change_message": ""}}, {"model": "admin.logentry", "pk": 229, "fields": {"action_time": "2022-02-26T15:39:00.987Z", "user": 1, "content_type": 14, "object_id": "15", "object_repr": "Rianna Andnina \"Teasure\" box bag", "action_flag": 3, "change_message": ""}}, {"model": "admin.logentry", "pk": 230, "fields": {"action_time": "2022-02-26T15:39:37.304Z", "user": 1, "content_type": 14, "object_id": "20", "object_repr": "Carolina Herrera off-shoulder top", "action_flag": 3, "change_message": ""}}, {"model": "admin.logentry", "pk": 231, "fields": {"action_time": "2022-02-26T20:35:57.097Z", "user": 1, "content_type": 15, "object_id": "1", "object_repr": "869AE772F803486BA2C7CA68BB461A6D", "action_flag": 1, "change_message": "[{\"added\": {}}, {\"added\": {\"name\": \"order line item\", \"object\": \"SKU 1100100010 on order 869AE772F803486BA2C7CA68BB461A6D\"}}, {\"added\": {\"name\": \"order line item\", \"object\": \"SKU 1100100021 on order 869AE772F803486BA2C7CA68BB461A6D\"}}, {\"added\": {\"name\": \"order line item\", \"object\": \"SKU 11002000025 on order 869AE772F803486BA2C7CA68BB461A6D\"}}]"}}, {"model": "admin.logentry", "pk": 232, "fields": {"action_time": "2022-02-26T20:36:57.743Z", "user": 1, "content_type": 15, "object_id": "1", "object_repr": "869AE772F803486BA2C7CA68BB461A6D", "action_flag": 2, "change_message": "[]"}}, {"model": "admin.logentry", "pk": 233, "fields": {"action_time": "2022-02-26T20:37:20.000Z", "user": 1, "content_type": 15, "object_id": "2", "object_repr": "95F12D12216D4CA983F2CB60583321CB", "action_flag": 1, "change_message": "[{\"added\": {}}, {\"added\": {\"name\": \"order line item\", \"object\": \"SKU 1100800005 on order 95F12D12216D4CA983F2CB60583321CB\"}}, {\"added\": {\"name\": \"order line item\", \"object\": \"SKU 1100800017 on order 95F12D12216D4CA983F2CB60583321CB\"}}, {\"added\": {\"name\": \"order line item\", \"object\": \"SKU 1100800036 on order 95F12D12216D4CA983F2CB60583321CB\"}}]"}}, {"model": "admin.logentry", "pk": 234, "fields": {"action_time": "2022-02-26T20:38:07.947Z", "user": 1, "content_type": 15, "object_id": "2", "object_repr": "95F12D12216D4CA983F2CB60583321CB", "action_flag": 2, "change_message": "[]"}}, {"model": "admin.logentry", "pk": 235, "fields": {"action_time": "2022-02-26T20:38:14.139Z", "user": 1, "content_type": 15, "object_id": "1", "object_repr": "869AE772F803486BA2C7CA68BB461A6D", "action_flag": 2, "change_message": "[]"}}, {"model": "admin.logentry", "pk": 236, "fields": {"action_time": "2022-02-26T20:38:27.163Z", "user": 1, "content_type": 15, "object_id": "3", "object_repr": "373197AA12964146B68AB8A36A8CB360", "action_flag": 1, "change_message": "[{\"added\": {}}, {\"added\": {\"name\": \"order line item\", \"object\": \"SKU 110000020 on order 373197AA12964146B68AB8A36A8CB360\"}}, {\"added\": {\"name\": \"order line item\", \"object\": \"SKU 110000011 on order 373197AA12964146B68AB8A36A8CB360\"}}, {\"added\": {\"name\": \"order line item\", \"object\": \"SKU 110000008 on order 373197AA12964146B68AB8A36A8CB360\"}}]"}}, {"model": "admin.logentry", "pk": 237, "fields": {"action_time": "2022-02-26T20:38:47.899Z", "user": 1, "content_type": 15, "object_id": "3", "object_repr": "373197AA12964146B68AB8A36A8CB360", "action_flag": 2, "change_message": "[{\"changed\": {\"name\": \"order line item\", \"object\": \"SKU 1100200038 on order 373197AA12964146B68AB8A36A8CB360\", \"fields\": [\"Item\"]}}, {\"changed\": {\"name\": \"order line item\", \"object\": \"SKU 11002000025 on order 373197AA12964146B68AB8A36A8CB360\", \"fields\": [\"Item\"]}}, {\"changed\": {\"name\": \"order line item\", \"object\": \"SKU 1100800006 on order 373197AA12964146B68AB8A36A8CB360\", \"fields\": [\"Item\"]}}]"}}, {"model": "admin.logentry", "pk": 238, "fields": {"action_time": "2022-02-26T20:39:14.767Z", "user": 1, "content_type": 15, "object_id": "2", "object_repr": "95F12D12216D4CA983F2CB60583321CB", "action_flag": 2, "change_message": "[]"}}, {"model": "admin.logentry", "pk": 239, "fields": {"action_time": "2022-02-26T20:39:20.841Z", "user": 1, "content_type": 15, "object_id": "3", "object_repr": "373197AA12964146B68AB8A36A8CB360", "action_flag": 2, "change_message": "[]"}}, {"model": "admin.logentry", "pk": 240, "fields": {"action_time": "2022-02-26T20:39:37.338Z", "user": 1, "content_type": 15, "object_id": "4", "object_repr": "2C68CA531A6745E99CD37617A63EACBA", "action_flag": 1, "change_message": "[{\"added\": {}}, {\"added\": {\"name\": \"order line item\", \"object\": \"SKU 1100300040 on order 2C68CA531A6745E99CD37617A63EACBA\"}}, {\"added\": {\"name\": \"order line item\", \"object\": \"SKU 110000035 on order 2C68CA531A6745E99CD37617A63EACBA\"}}, {\"added\": {\"name\": \"order line item\", \"object\": \"SKU 1100200004 on order 2C68CA531A6745E99CD37617A63EACBA\"}}]"}}, {"model": "admin.logentry", "pk": 241, "fields": {"action_time": "2022-02-26T20:39:49.388Z", "user": 1, "content_type": 15, "object_id": "4", "object_repr": "2C68CA531A6745E99CD37617A63EACBA", "action_flag": 2, "change_message": "[{\"changed\": {\"fields\": [\"Grand total\", \"Order total\", \"Delivery cost\"]}}]"}}, {"model": "admin.logentry", "pk": 242, "fields": {"action_time": "2022-02-26T20:40:09.400Z", "user": 1, "content_type": 15, "object_id": "4", "object_repr": "2C68CA531A6745E99CD37617A63EACBA", "action_flag": 2, "change_message": "[]"}}, {"model": "admin.logentry", "pk": 243, "fields": {"action_time": "2022-02-26T20:40:14.775Z", "user": 1, "content_type": 15, "object_id": "4", "object_repr": "2C68CA531A6745E99CD37617A63EACBA", "action_flag": 2, "change_message": "[]"}}, {"model": "admin.logentry", "pk": 244, "fields": {"action_time": "2022-02-26T20:40:26.370Z", "user": 1, "content_type": 15, "object_id": "1", "object_repr": "869AE772F803486BA2C7CA68BB461A6D", "action_flag": 2, "change_message": "[]"}}, {"model": "admin.logentry", "pk": 245, "fields": {"action_time": "2022-02-26T20:40:44.644Z", "user": 1, "content_type": 15, "object_id": "4", "object_repr": "2C68CA531A6745E99CD37617A63EACBA", "action_flag": 3, "change_message": ""}}, {"model": "admin.logentry", "pk": 246, "fields": {"action_time": "2022-02-26T20:40:44.648Z", "user": 1, "content_type": 15, "object_id": "3", "object_repr": "373197AA12964146B68AB8A36A8CB360", "action_flag": 3, "change_message": ""}}, {"model": "admin.logentry", "pk": 247, "fields": {"action_time": "2022-02-26T20:40:44.651Z", "user": 1, "content_type": 15, "object_id": "2", "object_repr": "95F12D12216D4CA983F2CB60583321CB", "action_flag": 3, "change_message": ""}}, {"model": "admin.logentry", "pk": 248, "fields": {"action_time": "2022-02-26T20:40:44.654Z", "user": 1, "content_type": 15, "object_id": "1", "object_repr": "869AE772F803486BA2C7CA68BB461A6D", "action_flag": 3, "change_message": ""}}, {"model": "admin.logentry", "pk": 249, "fields": {"action_time": "2022-02-26T20:41:33.797Z", "user": 1, "content_type": 15, "object_id": "4", "object_repr": "2C68CA531A6745E99CD37617A63EACBA", "action_flag": 3, "change_message": ""}}, {"model": "admin.logentry", "pk": 250, "fields": {"action_time": "2022-02-26T20:41:33.801Z", "user": 1, "content_type": 15, "object_id": "3", "object_repr": "373197AA12964146B68AB8A36A8CB360", "action_flag": 3, "change_message": ""}}, {"model": "admin.logentry", "pk": 251, "fields": {"action_time": "2022-02-26T20:41:33.804Z", "user": 1, "content_type": 15, "object_id": "2", "object_repr": "95F12D12216D4CA983F2CB60583321CB", "action_flag": 3, "change_message": ""}}, {"model": "admin.logentry", "pk": 252, "fields": {"action_time": "2022-02-26T20:41:33.807Z", "user": 1, "content_type": 15, "object_id": "1", "object_repr": "869AE772F803486BA2C7CA68BB461A6D", "action_flag": 3, "change_message": ""}}, {"model": "admin.logentry", "pk": 253, "fields": {"action_time": "2022-02-26T20:41:40.527Z", "user": 1, "content_type": 15, "object_id": "4", "object_repr": "2C68CA531A6745E99CD37617A63EACBA", "action_flag": 3, "change_message": ""}}, {"model": "admin.logentry", "pk": 254, "fields": {"action_time": "2022-02-26T20:41:40.531Z", "user": 1, "content_type": 15, "object_id": "3", "object_repr": "373197AA12964146B68AB8A36A8CB360", "action_flag": 3, "change_message": ""}}, {"model": "admin.logentry", "pk": 255, "fields": {"action_time": "2022-02-26T20:41:40.534Z", "user": 1, "content_type": 15, "object_id": "2", "object_repr": "95F12D12216D4CA983F2CB60583321CB", "action_flag": 3, "change_message": ""}}, {"model": "admin.logentry", "pk": 256, "fields": {"action_time": "2022-02-26T20:41:40.538Z", "user": 1, "content_type": 15, "object_id": "1", "object_repr": "869AE772F803486BA2C7CA68BB461A6D", "action_flag": 3, "change_message": ""}}, {"model": "admin.logentry", "pk": 257, "fields": {"action_time": "2022-02-26T20:42:12.982Z", "user": 1, "content_type": 15, "object_id": "4", "object_repr": "2C68CA531A6745E99CD37617A63EACBA", "action_flag": 3, "change_message": ""}}, {"model": "admin.logentry", "pk": 258, "fields": {"action_time": "2022-02-26T20:42:12.986Z", "user": 1, "content_type": 15, "object_id": "3", "object_repr": "373197AA12964146B68AB8A36A8CB360", "action_flag": 3, "change_message": ""}}, {"model": "admin.logentry", "pk": 259, "fields": {"action_time": "2022-02-26T20:42:12.990Z", "user": 1, "content_type": 15, "object_id": "2", "object_repr": "95F12D12216D4CA983F2CB60583321CB", "action_flag": 3, "change_message": ""}}, {"model": "admin.logentry", "pk": 260, "fields": {"action_time": "2022-02-26T20:42:12.993Z", "user": 1, "content_type": 15, "object_id": "1", "object_repr": "869AE772F803486BA2C7CA68BB461A6D", "action_flag": 3, "change_message": ""}}, {"model": "admin.logentry", "pk": 261, "fields": {"action_time": "2022-02-26T20:42:22.941Z", "user": 1, "content_type": 15, "object_id": "4", "object_repr": "2C68CA531A6745E99CD37617A63EACBA", "action_flag": 3, "change_message": ""}}, {"model": "admin.logentry", "pk": 262, "fields": {"action_time": "2022-02-26T20:42:22.945Z", "user": 1, "content_type": 15, "object_id": "3", "object_repr": "373197AA12964146B68AB8A36A8CB360", "action_flag": 3, "change_message": ""}}, {"model": "admin.logentry", "pk": 263, "fields": {"action_time": "2022-02-26T20:42:22.948Z", "user": 1, "content_type": 15, "object_id": "2", "object_repr": "95F12D12216D4CA983F2CB60583321CB", "action_flag": 3, "change_message": ""}}, {"model": "admin.logentry", "pk": 264, "fields": {"action_time": "2022-02-26T20:42:22.951Z", "user": 1, "content_type": 15, "object_id": "1", "object_repr": "869AE772F803486BA2C7CA68BB461A6D", "action_flag": 3, "change_message": ""}}, {"model": "admin.logentry", "pk": 265, "fields": {"action_time": "2022-02-26T20:43:14.999Z", "user": 1, "content_type": 15, "object_id": "4", "object_repr": "2C68CA531A6745E99CD37617A63EACBA", "action_flag": 3, "change_message": ""}}, {"model": "admin.logentry", "pk": 266, "fields": {"action_time": "2022-02-26T20:43:15.003Z", "user": 1, "content_type": 15, "object_id": "3", "object_repr": "373197AA12964146B68AB8A36A8CB360", "action_flag": 3, "change_message": ""}}, {"model": "admin.logentry", "pk": 267, "fields": {"action_time": "2022-02-26T20:43:15.006Z", "user": 1, "content_type": 15, "object_id": "2", "object_repr": "95F12D12216D4CA983F2CB60583321CB", "action_flag": 3, "change_message": ""}}, {"model": "admin.logentry", "pk": 268, "fields": {"action_time": "2022-02-26T20:43:15.009Z", "user": 1, "content_type": 15, "object_id": "1", "object_repr": "869AE772F803486BA2C7CA68BB461A6D", "action_flag": 3, "change_message": ""}}, {"model": "admin.logentry", "pk": 269, "fields": {"action_time": "2022-02-26T20:44:34.932Z", "user": 1, "content_type": 15, "object_id": "4", "object_repr": "2C68CA531A6745E99CD37617A63EACBA", "action_flag": 3, "change_message": ""}}, {"model": "admin.logentry", "pk": 270, "fields": {"action_time": "2022-02-26T20:44:34.937Z", "user": 1, "content_type": 15, "object_id": "3", "object_repr": "373197AA12964146B68AB8A36A8CB360", "action_flag": 3, "change_message": ""}}, {"model": "admin.logentry", "pk": 271, "fields": {"action_time": "2022-02-26T20:44:34.940Z", "user": 1, "content_type": 15, "object_id": "2", "object_repr": "95F12D12216D4CA983F2CB60583321CB", "action_flag": 3, "change_message": ""}}, {"model": "admin.logentry", "pk": 272, "fields": {"action_time": "2022-02-26T20:44:34.943Z", "user": 1, "content_type": 15, "object_id": "1", "object_repr": "869AE772F803486BA2C7CA68BB461A6D", "action_flag": 3, "change_message": ""}}, {"model": "admin.logentry", "pk": 273, "fields": {"action_time": "2022-02-26T20:46:56.768Z", "user": 1, "content_type": 15, "object_id": "4", "object_repr": "2C68CA531A6745E99CD37617A63EACBA", "action_flag": 3, "change_message": ""}}, {"model": "admin.logentry", "pk": 274, "fields": {"action_time": "2022-02-26T20:46:56.772Z", "user": 1, "content_type": 15, "object_id": "3", "object_repr": "373197AA12964146B68AB8A36A8CB360", "action_flag": 3, "change_message": ""}}, {"model": "admin.logentry", "pk": 275, "fields": {"action_time": "2022-02-26T20:46:56.776Z", "user": 1, "content_type": 15, "object_id": "2", "object_repr": "95F12D12216D4CA983F2CB60583321CB", "action_flag": 3, "change_message": ""}}, {"model": "admin.logentry", "pk": 276, "fields": {"action_time": "2022-02-26T20:46:56.779Z", "user": 1, "content_type": 15, "object_id": "1", "object_repr": "869AE772F803486BA2C7CA68BB461A6D", "action_flag": 3, "change_message": ""}}, {"model": "admin.logentry", "pk": 277, "fields": {"action_time": "2022-02-26T20:50:04.802Z", "user": 1, "content_type": 15, "object_id": "5", "object_repr": "1F60356C08A24FBB85B613A8B8D1BFAB", "action_flag": 1, "change_message": "[{\"added\": {}}, {\"added\": {\"name\": \"order line item\", \"object\": \"SKU 1100100021 on order 1F60356C08A24FBB85B613A8B8D1BFAB\"}}, {\"added\": {\"name\": \"order line item\", \"object\": \"SKU 1100200039 on order 1F60356C08A24FBB85B613A8B8D1BFAB\"}}, {\"added\": {\"name\": \"order line item\", \"object\": \"SKU 1100100029 on order 1F60356C08A24FBB85B613A8B8D1BFAB\"}}]"}}, {"model": "admin.logentry", "pk": 278, "fields": {"action_time": "2022-02-26T20:50:15.522Z", "user": 1, "content_type": 15, "object_id": "5", "object_repr": "1F60356C08A24FBB85B613A8B8D1BFAB", "action_flag": 2, "change_message": "[]"}}, {"model": "admin.logentry", "pk": 279, "fields": {"action_time": "2022-02-26T20:50:34.045Z", "user": 1, "content_type": 15, "object_id": "6", "object_repr": "8A3AC86369E54CF5AECCD2C3E58C1736", "action_flag": 1, "change_message": "[{\"added\": {}}, {\"added\": {\"name\": \"order line item\", \"object\": \"SKU 1100100021 on order 8A3AC86369E54CF5AECCD2C3E58C1736\"}}, {\"added\": {\"name\": \"order line item\", \"object\": \"SKU 1100800036 on order 8A3AC86369E54CF5AECCD2C3E58C1736\"}}, {\"added\": {\"name\": \"order line item\", \"object\": \"SKU 1100800006 on order 8A3AC86369E54CF5AECCD2C3E58C1736\"}}]"}}, {"model": "admin.logentry", "pk": 280, "fields": {"action_time": "2022-02-26T20:57:35.342Z", "user": 1, "content_type": 15, "object_id": "6", "object_repr": "8A3AC86369E54CF5AECCD2C3E58C1736", "action_flag": 3, "change_message": ""}}, {"model": "admin.logentry", "pk": 281, "fields": {"action_time": "2022-02-26T20:57:45.421Z", "user": 1, "content_type": 15, "object_id": "5", "object_repr": "1F60356C08A24FBB85B613A8B8D1BFAB", "action_flag": 3, "change_message": ""}}, {"model": "admin.logentry", "pk": 282, "fields": {"action_time": "2022-02-26T20:58:08.957Z", "user": 1, "content_type": 15, "object_id": "2", "object_repr": "95F12D12216D4CA983F2CB60583321CB", "action_flag": 3, "change_message": ""}}, {"model": "admin.logentry", "pk": 283, "fields": {"action_time": "2022-02-26T20:58:26.144Z", "user": 1, "content_type": 15, "object_id": "7", "object_repr": "46ECFBEFA9F14D89A834E8BCEEDCE98F", "action_flag": 1, "change_message": "[{\"added\": {}}, {\"added\": {\"name\": \"order line item\", \"object\": \"SKU 1100100010 on order 46ECFBEFA9F14D89A834E8BCEEDCE98F\"}}, {\"added\": {\"name\": \"order line item\", \"object\": \"SKU 110000019 on order 46ECFBEFA9F14D89A834E8BCEEDCE98F\"}}, {\"added\": {\"name\": \"order line item\", \"object\": \"SKU 110000016 on order 46ECFBEFA9F14D89A834E8BCEEDCE98F\"}}]"}}, {"model": "admin.logentry", "pk": 284, "fields": {"action_time": "2022-02-26T21:00:48.109Z", "user": 1, "content_type": 15, "object_id": "7", "object_repr": "46ECFBEFA9F14D89A834E8BCEEDCE98F", "action_flag": 3, "change_message": ""}}, {"model": "admin.logentry", "pk": 285, "fields": {"action_time": "2022-02-26T21:00:56.399Z", "user": 1, "content_type": 15, "object_id": "4", "object_repr": "2C68CA531A6745E99CD37617A63EACBA", "action_flag": 3, "change_message": ""}}, {"model": "admin.logentry", "pk": 286, "fields": {"action_time": "2022-02-26T21:01:02.546Z", "user": 1, "content_type": 15, "object_id": "3", "object_repr": "373197AA12964146B68AB8A36A8CB360", "action_flag": 3, "change_message": ""}}, {"model": "admin.logentry", "pk": 287, "fields": {"action_time": "2022-02-26T21:01:08.738Z", "user": 1, "content_type": 15, "object_id": "1", "object_repr": "869AE772F803486BA2C7CA68BB461A6D", "action_flag": 2, "change_message": "[]"}}, {"model": "admin.logentry", "pk": 288, "fields": {"action_time": "2022-02-26T21:01:24.287Z", "user": 1, "content_type": 15, "object_id": "8", "object_repr": "C9FE13BB5616492FB2425B09734F75DA", "action_flag": 1, "change_message": "[{\"added\": {}}, {\"added\": {\"name\": \"order line item\", \"object\": \"SKU 1100100029 on order C9FE13BB5616492FB2425B09734F75DA\"}}, {\"added\": {\"name\": \"order line item\", \"object\": \"SKU 1100100021 on order C9FE13BB5616492FB2425B09734F75DA\"}}, {\"added\": {\"name\": \"order line item\", \"object\": \"SKU 1100100029 on order C9FE13BB5616492FB2425B09734F75DA\"}}]"}}, {"model": "admin.logentry", "pk": 289, "fields": {"action_time": "2022-02-26T21:01:32.793Z", "user": 1, "content_type": 15, "object_id": "8", "object_repr": "C9FE13BB5616492FB2425B09734F75DA", "action_flag": 3, "change_message": ""}}, {"model": "admin.logentry", "pk": 290, "fields": {"action_time": "2022-03-09T16:48:05.430Z", "user": 3, "content_type": 14, "object_id": "34", "object_repr": "Alexander McQueen draped dress", "action_flag": 2, "change_message": "[{\"changed\": {\"fields\": [\"Image\"]}}]"}}, {"model": "auth.user", "pk": 1, "fields": {"password": "pbkdf2_sha256$260000$s2XdyXXhAZ8wdu5fyHACQr$OLLWtl8ywPBOhSkICLbI4mZtsS7/JWbx9/rZvIMBLBM=", "last_login": "2022-03-09T16:43:11.961Z", "is_superuser": true, "username": "alex-1134", "first_name": "", "last_name": "", "email": "alexa.t.lach@gmail.com", "is_staff": true, "is_active": true, "date_joined": "2022-02-17T20:12:18.325Z", "groups": [], "user_permissions": []}}, {"model": "auth.user", "pk": 2, "fields": {"password": "pbkdf2_sha256$260000$bpGZBEls1FUbFPMHvHsJgB$pLREgTOl+Jk7JSy46OtOF8BwAZEXIaxbcBI03ogFeIk=", "last_login": "2022-02-18T13:56:23.087Z", "is_superuser": false, "username": "user1", "first_name": "", "last_name": "", "email": "", "is_staff": false, "is_active": true, "date_joined": "2022-02-18T13:51:44Z", "groups": [], "user_permissions": []}}, {"model": "auth.user", "pk": 3, "fields": {"password": "pbkdf2_sha256$260000$jDPo5KO0hbFlsyUO3O5mZY$fkll+LiVQCs/BJmSPqjsQA/Q5FA0fi6twWlNtIWpyOw=", "last_login": "2022-03-09T16:44:45.741Z", "is_superuser": true, "username": "admin", "first_name": "", "last_name": "", "email": "admin@test.com", "is_staff": true, "is_active": true, "date_joined": "2022-03-09T16:44:21.868Z", "groups": [], "user_permissions": []}}, {"model": "sessions.session", "pk": "38fye7wrdl6xj2dri6584tkjvw34f1ev", "fields": {"session_data": ".eJxVjDsOwjAQBe-yNbL8C4aU9JzBsnfXxIBsFCcSCHF3EilN2jcz7wu-cWu5Fs_vVx4_0MsD-DBPg58bjz4T9KBht8WADy4roHsotyqwlmnMUayK2GgT10r8vGzu7mAIbVjqzpiAR4c2GZNkDInROEuE0sqzNqRUYG1PTkvrSGFMC9S2U0mTSdxZ-P0BE6g_KA:1nL3kF:EW-TG9yXclwLknSrpHvUqTIYTdNPOWcTUjxGhqTkLRU", "expire_date": "2022-03-04T13:56:23.093Z"}}, {"model": "sessions.session", "pk": "bagczrxfavk4aaegvy4fvs5faymftrkq", "fields": {"session_data": "e30:1nOUK5:175raKepMUZsGxraLNhBXrReWsUFbtbHi0N4yDZHL9Y", "expire_date": "2022-03-14T00:55:33.276Z"}}, {"model": "sessions.session", "pk": "hwaxaqy076yuxhyou3mdkueyyw6cr5td", "fields": {"session_data": "eyJfc2Vzc2lvbl9leHBpcnkiOjB9:1nOUNa:dkRqDwt0s-DPV1RGu2weK8WlBP8hk1ZgRfbZ9-5q76E", "expire_date": "2022-03-14T00:59:10.874Z"}}, {"model": "sessions.session", "pk": "kgo2fate6l5k4asw2ljbu81oxq5w35gf", "fields": {"session_data": "e30:1nOUKo:wfI6VIcX1rP6IdrmnDfnIKhQFIXkaaGOAi3Ya9F3jJA", "expire_date": "2022-03-14T00:56:18.005Z"}}, {"model": "sessions.session", "pk": "kkl3c7h8krlt6u76vs37p0yimr7umnyw", "fields": {"session_data": ".eJxVjDsOgzAQRO-ydWTZGLBNmZ4zWPsxgRCBhKFC3D0g0dCN5r2ZHQjzmFZo9uMFEbe1j1tOSxwEGjDw6Ah5TNMF5IvTZ1Y8T-sykLoUddOs2lnS7327j4Mec3-uA9aiWevS267zPhgXQnLaYpCKHJKxxGIKrqvyzK5grDpKXhA1FVYYjj-4Dzxv:1nNzAX:M3HXmgSenrM2j9JfQrTE8Em7vQoZIhKSh9VoBfq2c8Y", "expire_date": "2022-03-12T15:39:37.470Z"}}, {"model": "sessions.session", "pk": "sxuh32kxiqvw5mugeitvotnjqpy04h34", "fields": {"session_data": ".eJxVjDsOwyAQRO-ytYXAPz5l-pwBLbDETiKQDE5j-e6xJRdJN5p58zawuNbJroUWOwcwIKD57Rz6F6VzCE9Mj8x8TnWZHTsRdq2F3XOg9-1i_wQTlul4axwD95z3qotRKS2k1iR5hzoMTqITnfNBtH4c-iPL1uMQHamAyF3bBX9IC37IzilmMHVZqQGH5UUVzAYKjNj3Lx39Q3o:1nOOiA:klb1D5y_8CDN-7W4bzAgNUZrYjNC3zBxBwIzJvTDVQE", "expire_date": "2022-03-13T18:56:02.557Z"}}, {"model": "sessions.session", "pk": "tjf1ju4jvfy27tunqfidkxwcqlf9p4md", "fields": {"session_data": "eyJiYXNrZXQiOnsiMTAiOjUsIjEyIjo2fX0:1nNdTe:8ozt7aao8SG7SwSgIn1V01kr6g8I6hx3Vp_Foahogy0", "expire_date": "2022-03-11T16:29:54.383Z"}}, {"model": "sessions.session", "pk": "x83cnhnjvcccuj9rxozvmo2w6nbi1ca1", "fields": {"session_data": ".eJxVjMsOwiAQRf-FtSECw8ul-34DGWCQqoGktCvjv2uTLnR7zzn3xQJuaw3boCXMmV2YYqffLWJ6UNtBvmO7dZ56W5c58l3hBx186pme18P9O6g46re2BkhYIaNI2kiPlgrKAvrskvIQQRlCJF0M6Ji9BEMZdYSkwJITzrD3B9dRN64:1nRzTq:20ZpE1tyqXYQQjMG6M3Hd6djyeoZvBUFsE5ZKP8D8Mk", "expire_date": "2022-03-23T16:48:06.072Z"}}, {"model": "sessions.session", "pk": "y3jxza9ydcyv8dhqdi25knj7bk8958ex", "fields": {"session_data": "e30:1nRzP5:IGctYeFFQWY8ckxR19CTZ-r5rW01mnz5sxIAEj4hhEE", "expire_date": "2022-03-23T16:43:11.942Z"}}, {"model": "sessions.session", "pk": "yfyi49a4q3e9xljsddov9nsaitgv9ke3", "fields": {"session_data": ".eJxVjE0OwiAYRO_C2hAopYBL9z0D-X5AqqYkpV0Z726bdKG7ybw38xYRtrXEraUlTiyuQovLb4dAzzQfgB8w36ukOq_LhPJQ5EmbHCun1-10_w4KtLKvAwysSKnem5y9D9qFkJwyENiiA9QGiXVHg-337DoCmzF5BlDYGSbx-QLc2zhT:1nLQ9a:HZxYzdCyq8pm7q10VtujUiz4gmT0MlHQ1buU_g75GCg", "expire_date": "2022-03-05T13:52:02.353Z"}}, {"model": "sessions.session", "pk": "z6wcwyphww5phv2sqpuz48lttbmwm585", "fields": {"session_data": ".eJxVjE0OgyAYRO_CuiEgKuCye89gvh8o1kYTwZXx7tXERbubzLx5uxhgK2nYcliHkUUntHj8dgg0hfka-A3za5G0zGUdUV6IvNcs-4XD53mzf4IEOZ1vDy0rUqp2JkbnvLbeB6sMeG7QAmqDxLqitqnPbCuCJmJwDKCwMkynFCFPoYhuP44vl788bw:1nNKLV:_GNkw-jIxj-JTPfQg-nvthhrFviZUUoZYzc5CNXh7As", "expire_date": "2022-03-10T20:04:13.239Z"}}, {"model": "sites.site", "pk": 1, "fields": {"domain": "ajlt-shop.example.com", "name": "And Just Like That... Shop!"}}, {"model": "account.emailaddress", "pk": 2, "fields": {"user": 2, "email": "siguraleks@gmail.com", "verified": true, "primary": true}}, {"model": "account.emailaddress", "pk": 3, "fields": {"user": 1, "email": "alexa.t.lach@gmail.com", "verified": false, "primary": false}}, {"model": "items.category", "pk": 18, "fields": {"name": "carrie_jewellery", "friendly_name": "Carrie's jewellery"}}, {"model": "items.category", "pk": 19, "fields": {"name": "carrie_blazers", "friendly_name": "Carrie's blazers"}}, {"model": "items.category", "pk": 20, "fields": {"name": "carrie_shoes", "friendly_name": "Carrie's shoes"}}, {"model": "items.category", "pk": 22, "fields": {"name": "carrie_bags", "friendly_name": "Carrie's bags"}}, {"model": "items.category", "pk": 23, "fields": {"name": "charlotte_dresses", "friendly_name": "Charlotte's dresses"}}, {"model": "items.category", "pk": 25, "fields": {"name": "charlotte_jewellery", "friendly_name": "Charlotte's jewellery"}}, {"model": "items.category", "pk": 28, "fields": {"name": "charlotte_shoes", "friendly_name": "Charlotte's shoes"}}, {"model": "items.category", "pk": 29, "fields": {"name": "charlotte_bags", "friendly_name": "Charlotte's bags"}}, {"model": "items.category", "pk": 30, "fields": {"name": "charlotte_skirts", "friendly_name": "Charlotte's skirts"}}, {"model": "items.category", "pk": 31, "fields": {"name": "miranda_tops", "friendly_name": "Miranda's tops"}}, {"model": "items.category", "pk": 32, "fields": {"name": "miranda_dresses", "friendly_name": "Miranda's dresses"}}, {"model": "items.category", "pk": 36, "fields": {"name": "miranda_shoes", "friendly_name": "Miranda's shoes"}}, {"model": "items.category", "pk": 38, "fields": {"name": "miranda_bags", "friendly_name": "Miranda's bags"}}, {"model": "items.category", "pk": 39, "fields": {"name": "charlotte_tops", "friendly_name": "Charlotte's tops"}}, {"model": "items.item", "pk": 2, "fields": {"image_url": "https://github.com/alex-1134/and_just_like_that_closet/blob/main/media/IMG-7311.jpg", "image": "IMG-7311_Mmnvbde.jpg", "name": "Paco Rabanne bag", "description": "1x04 “Some of My Best Friends” l December 23, 2021.\r\nIn the last scene Carrie has this @pacorabanne “Chainmail” tote bag.", "vintage": "yes", "size": "one size", "colour": "silver", "category": 22, "sku": "1100200001", "price": "13000.00", "rating": null}}, {"model": "items.item", "pk": 3, "fields": {"image_url": "https://github.com/alex-1134/and_just_like_that_closet/blob/main/media/IMG-7312.jpg", "image": "IMG-7312_p4vXpCK.jpg", "name": "Aquazzura shoe sandals carrie", "description": "1x04 “Some of My Best Friends” l December 23, 2021.\r\nCarrie completes the look with a pair of these @aquazzura “Tequila” 105 crystal-embellished suede sandals.", "vintage": "no", "size": "38", "colour": "green", "category": 20, "sku": "1100100002", "price": "14000.00", "rating": null}}, {"model": "items.item", "pk": 4, "fields": {"image_url": "https://github.com/alex-1134/and_just_like_that_closet/blob/main/media/IMG-7313.jpg", "image": "IMG-7313_QatcECp.jpg", "name": "Another Stories top", "description": "1x04 “Some of My Best Friends” l December 23, 2021.\r\nCharlotte meets Lisa, wearing a @andotherstories pointelle knit wrap top.", "vintage": "no", "size": "40", "colour": "white", "category": 39, "sku": "1100500003", "price": "999.00", "rating": null}}, {"model": "items.item", "pk": 5, "fields": {"image_url": "https://github.com/alex-1134/and_just_like_that_closet/blob/main/media/IMG-7343.jpg", "image": "IMG-7343_P5BvNUH.jpg", "name": "Sensi Studio red bag", "description": "1x04 “Some of My Best Friends” l December 23, 2021.\r\nCharlotte carries a @sensistudio squared canvas bag.", "vintage": "no", "size": "one size", "colour": "red", "category": 29, "sku": "1100200004", "price": "4800.00", "rating": null}}, {"model": "items.item", "pk": 6, "fields": {"image_url": "https://github.com/alex-1134/and_just_like_that_closet/blob/main/media/IMG-73337.jpg", "image": "IMG-7337_xb37BZN.jpg", "name": "Lagence long checked dress", "description": "1x03 “When in Rome…” l December 16, 2021.\r\nMiranda wears a @lagencefashion “Cameron” shirt dress.", "vintage": "no", "size": "42", "colour": "multi", "category": 32, "sku": "1100800005", "price": "3800.00", "rating": null}}, {"model": "items.item", "pk": 7, "fields": {"image_url": "https://github.com/alex-1134/and_just_like_that_closet/blob/main/media/IMG-7328.jpg", "image": "IMG-7328_ekym2rw.jpg", "name": "Dries Van Noten midi dress", "description": "1x01 “Hello It’s Me” l December 9, 2021.⠀⠀⠀⠀⠀\r\nIn the very first scene Miranda appears in a @driesvannoten “Dorias” drawstring tie-dyed striped faille midi dress.", "vintage": "no", "size": "36", "colour": "multi", "category": 32, "sku": "1100800006", "price": "7600.00", "rating": null}}, {"model": "items.item", "pk": 8, "fields": {"image_url": "https://github.com/alex-1134/and_just_like_that_closet/blob/main/media/IMG-7315.jpg", "image": "IMG-7315_nz7kdRv.jpg", "name": "Norma Kamali block blazer", "description": "1x04 “Some of My Best Friends” l December 23, 2021.\r\nCarrie wears a vintage 80’s @normakamali madras color block blazer.", "vintage": "yes", "size": "40", "colour": "multi", "category": 19, "sku": "110000008", "price": "17000.00", "rating": null}}, {"model": "items.item", "pk": 9, "fields": {"image_url": "https://github.com/alex-1134/and_just_like_that_closet/blob/main/media/IMG-7327.jpg", "image": "IMG-7327_N5wYdQ3.jpg", "name": "Ioewe \"Balloon\" bag", "description": "1x01 “Hello It’s Me” l December 9, 2021.\r\nMiranda carries this @loewe “Balloon” small bag.", "vintage": "no", "size": "one size", "colour": "yellow", "category": 38, "sku": "1100200009", "price": "33000.00", "rating": null}}, {"model": "items.item", "pk": 10, "fields": {"image_url": "https://github.com/alex-1134/and_just_like_that_closet/blob/main/media/IMG-7325.jpg", "image": "IMG-7325_V4sm0Ao.jpg", "name": "Carrie's famous Wedding Shoes", "description": "1x01 “Hello It’s Me” l December 9, 2021.\r\nWhen going to the Manhattan School of Music, Carrie wears these iconic @manoloblahnik “Hangisi” blue satin jewel buckle pumps.", "vintage": "no", "size": "37", "colour": "blue", "category": 20, "sku": "1100100010", "price": "11000.00", "rating": null}}, {"model": "items.item", "pk": 11, "fields": {"image_url": "https://github.com/alex-1134/and_just_like_that_closet/blob/main/media/IMG-7331.jpg", "image": "IMG-7331_Te5JmlS.jpg", "name": "Koch top", "description": "1x02 “Little Black Dress” l December 9, 2021.\r\nMiranda wears a @shop_koch “Leonardo” top.", "vintage": "no", "size": "42", "colour": "marble", "category": 31, "sku": "110000011", "price": "3440.00", "rating": null}}, {"model": "items.item", "pk": 12, "fields": {"image_url": "https://github.com/alex-1134/and_just_like_that_closet/blob/main/media/IMG-7338.jpg", "image": "IMG-7338_v9PZavH.jpg", "name": "Elk  \"Cardis\" fabric bag", "description": "1x03 “When in Rome…” l December 16, 2021.\r\nMiranda carries a @elkthelabel “Cardis” bag from @minkbrooklyn.", "vintage": "no", "size": "one size", "colour": "beige", "category": 38, "sku": "1100200012", "price": "3300.00", "rating": null}}, {"model": "items.item", "pk": 13, "fields": {"image_url": "https://github.com/alex-1134/and_just_like_that_closet/blob/main/media/IMG-7344.jpg", "image": "IMG-7344_rhJDDiW.jpg", "name": "Leafy off-the shoulder Jason Wu top", "description": "1x04 “Some of My Best Friends” l December 23, 2021.\r\nCharlotte wears this @jasonwu poplin off-the-shoulder top.", "vintage": "no", "size": "34", "colour": "multi", "category": 39, "sku": "11005000012", "price": "4000.00", "rating": "4.00"}}, {"model": "items.item", "pk": 14, "fields": {"image_url": "https://github.com/alex-1134/and_just_like_that_closet/blob/main/media/IMG-7345.jpg", "image": "IMG-7345_qnEMcy7.jpg", "name": "White leather Dior \"Bobby\" bag", "description": "1x04 “Some of My Best Friends” l December 23, 2021.\r\nCharlotte also carries a @dior “Bobby” bag.", "vintage": "no", "size": "one size", "colour": "white", "category": 29, "sku": "1100200013", "price": "51500.00", "rating": "5.00"}}, {"model": "items.item", "pk": 16, "fields": {"image_url": "https://github.com/alex-1134/and_just_like_that_closet/blob/main/media/IMG-7348.jpg", "image": "IMG-7348_ue7hG5v.jpg", "name": "White Stella McCartney puffy top", "description": "1x03 “When in Rome…” l December 16, 2021.\r\nIn this scene Charlotte wears a @stellamccartney puff sleeve top.", "vintage": "no", "size": "38, 40", "colour": "white", "category": 39, "sku": "1100500015", "price": "6300.00", "rating": "3.00"}}, {"model": "items.item", "pk": 17, "fields": {"image_url": "https://github.com/alex-1134/and_just_like_that_closet/blob/main/media/IMG-7349.jpg", "image": "IMG-7349_EM8ACe6.jpg", "name": "White Fendi basket bag", "description": "1x03 “When in Rome…” l December 16, 2021.\r\nCharlotte hold s a @fendi basket logo-embossed tote bag.", "vintage": "no", "size": "one size", "colour": "white", "category": 29, "sku": "1100200016", "price": "100000.00", "rating": "4.00"}}, {"model": "items.item", "pk": 18, "fields": {"image_url": "https://github.com/alex-1134/and_just_like_that_closet/blob/main/media/IMG-7350.jpg", "image": "IMG-7350_I3hZZnw.jpg", "name": "Silk dress - jumpsuit", "description": "1x03 “When in Rome…” l December 16, 2021.\r\nIn the scene Charlotte wears a @pourlesfemmesofficial silk-charmeuse jumpsuit.", "vintage": "no", "size": "42", "colour": "baby pink", "category": 23, "sku": "110000016", "price": "6600.00", "rating": null}}, {"model": "items.item", "pk": 19, "fields": {"image_url": "https://github.com/alex-1134/and_just_like_that_closet/blob/main/media/IMG-7351.jpg", "image": "IMG-7351_n2e5mlT.jpg", "name": "Boat midi dress", "description": "1x03 “When in Rome…” l December 16, 2021.\r\nCharlotte wears a @emiliawickstead “Elita” printed cotton poplin midi dress.", "vintage": "no", "size": "34", "colour": "white", "category": 23, "sku": "1100800017", "price": "15000.00", "rating": "5.00"}}, {"model": "items.item", "pk": 21, "fields": {"image_url": "https://github.com/alex-1134/and_just_like_that_closet/blob/main/media/IMG-7353.jpg", "image": "IMG-7353_yG9CW2P.jpg", "name": "“Charity” shirt dress", "description": "1x03 “When in Rome…” l December 16, 2021.\r\nCharlotte wears this @emiliawickstead “Charity” shirt dress.", "vintage": "no", "size": "44", "colour": "white", "category": 23, "sku": "110000019", "price": "22000.00", "rating": "4.00"}}, {"model": "items.item", "pk": 22, "fields": {"image_url": "https://github.com/alex-1134/and_just_like_that_closet/blob/main/media/IMG-7354.jpg", "image": "IMG-7354_4gU9TxV.jpg", "name": "Black dress", "description": "1x02 “Little Black Dress” l December 9, 2021.\r\nCharlotte’s funeral dress from Cruise 2021 collection.", "vintage": "no", "size": "44", "colour": "black", "category": 23, "sku": "110000020", "price": "7000.00", "rating": "4.00"}}, {"model": "items.item", "pk": 23, "fields": {"image_url": "https://github.com/alex-1134/and_just_like_that_closet/blob/main/media/IMG-7355.jpg", "image": "IMG-7355_xLlawaT.jpg", "name": "Chanel shoes - pumps", "description": "1x02 “Little Black Dress” l December 9, 2021.\r\nCharlotte also wears these @chanelofficial lamb skin and grosgrain pumps.", "vintage": "no", "size": "41", "colour": "white, black", "category": 28, "sku": "1100100021", "price": "11000.00", "rating": "5.00"}}, {"model": "items.item", "pk": 24, "fields": {"image_url": "https://github.com/alex-1134/and_just_like_that_closet/blob/main/media/IMG-7356.jpg", "image": "IMG-7356_wJUMfF1.jpg", "name": "Maison Alaia corset shirt", "description": "1x02 “Little Black Dress” l December 9, 2021.\r\nCharlotte wears this @maisonalaia poplin corset shirt.", "vintage": "no", "size": "34", "colour": "white", "category": 39, "sku": "110000023", "price": "15500.00", "rating": "4.00"}}, {"model": "items.item", "pk": 25, "fields": {"image_url": "https://github.com/alex-1134/and_just_like_that_closet/blob/main/media/IMG-7357.jpg", "image": "IMG-7357_d5VM2sn.jpg", "name": "Louis Vuitton “Capucines\" bag", "description": "1x02 “Little Black Dress” l December 9, 2021.\r\nCharlotte sports yet another coluor of of this @louisvuitton “Capucines” bag.", "vintage": "no", "size": "one size", "colour": "beige, pink", "category": 29, "sku": "11002000025", "price": "34000.00", "rating": null}}, {"model": "items.item", "pk": 26, "fields": {"image_url": "https://github.com/alex-1134/and_just_like_that_closet/blob/main/media/IMG-7358.jpg", "image": "IMG-7358_g9dNNZ6.jpg", "name": "Flowery sleeveless dress", "description": "1x01 “Hello It’s Me” l December 9, 2021.\r\nCharlotte wears a @lelarose embellished garden sleeveless cocktail dress.", "vintage": "no", "size": "38", "colour": "white", "category": 23, "sku": "1100000028", "price": "33000.00", "rating": "4.00"}}, {"model": "items.item", "pk": 27, "fields": {"image_url": "https://github.com/alex-1134/and_just_like_that_closet/blob/main/media/IMG-7359.jpg", "image": "IMG-7359_Po6L9Da.jpg", "name": "Stuart Weitzman \"Tasha\" shoes - pumps", "description": "1x01 “Hello It’s Me” l December 9, 2021.\r\nCharlotte wears these @stuartweitzman “Tasha” pumps.", "vintage": "yes", "size": "40", "colour": "pink", "category": 28, "sku": "1100100029", "price": "31000.00", "rating": null}}, {"model": "items.item", "pk": 28, "fields": {"image_url": "https://github.com/alex-1134/and_just_like_that_closet/blob/main/media/IMG-7360.jpg", "image": "IMG-7360_jqcS7k4.jpg", "name": "Animal print shoes - wedges", "description": "1x01 “Hello It’s Me” l December 9, 2021.\r\nMiranda’s look is finished with a pair of these @clergerie leather animal print wedges.", "vintage": "no", "size": "36", "colour": "green", "category": 36, "sku": "11001000030", "price": "11000.00", "rating": "4.00"}}, {"model": "items.item", "pk": 29, "fields": {"image_url": "https://github.com/alex-1134/and_just_like_that_closet/blob/main/media/IMG-7361.jpg", "image": "IMG-7361_s724BMO.jpg", "name": "Mixed metal Lewis chain bag", "description": "1x01 “Hello It’s Me” l December 9, 2021.\r\nCarrie Bradshaw carries a vintage Lewis mixed metal chain bag from @dinacfabandfunky.", "vintage": "yes", "size": "one size", "colour": "metalic", "category": 22, "sku": "1100200033", "price": "12200.00", "rating": "5.00"}}, {"model": "items.item", "pk": 30, "fields": {"image_url": "https://github.com/alex-1134/and_just_like_that_closet/blob/main/media/IMG_7409.jpg", "image": "IMG_7409_kE6QjAC.jpg", "name": "Red midi skirt", "description": "1x04 “Some of My Best Friends” l December 23, 2021.\r\nCharlotte wears a @jasonwu pintucked cotton-poplin midi skirt.", "vintage": "no", "size": "38", "colour": "red", "category": 30, "sku": "11003000033", "price": "7000.00", "rating": "3.00"}}, {"model": "items.item", "pk": 31, "fields": {"image_url": "https://github.com/alex-1134/and_just_like_that_closet/blob/main/media/IMG-7411.jpg", "image": "IMG_7411_D4x5cdQ.jpg", "name": "vintage pink suede bag", "description": "1x04 “Some of My Best Friends” l December 23, 2021.⠀⠀\r\nCarrie carries a little pop of colour with this vintage pink suede bag with gold closure on top.", "vintage": "yes", "size": "one size", "colour": "pink", "category": 22, "sku": "1100200034", "price": "3700.00", "rating": "3.00"}}, {"model": "items.item", "pk": 32, "fields": {"image_url": "https://github.com/alex-1134/and_just_like_that_closet/blob/main/media/IMG-7413.jpg", "image": "IMG_7413_4LSUnhC.jpg", "name": "Flowery Prada shoes", "description": "1x04 “Some of My Best Friends” l December 23, 2021.⠀⠀⠀⠀⠀⠀⠀⠀⠀\r\nCharlotte also wears a pair of these @prada “Duchesse” little flowers sandals.", "vintage": "no", "size": "39", "colour": "multi", "category": 28, "sku": "1100100035", "price": "7700.00", "rating": "5.00"}}, {"model": "items.item", "pk": 33, "fields": {"image_url": "https://github.com/alex-1134/and_just_like_that_closet/blob/main/media/IMG-7414.jpg", "image": "IMG_7414_KYTtjtB.jpg", "name": "Swan necklace", "description": "1x04 “Some of My Best Friends” l December 23, 2021.⠀⠀⠀⠀⠀⠀⠀⠀\r\nCharlotte wears a vintage 1959 @verdurajewelry natural pearl, diamond, platinum ruby necklace and enamel swan brooch attached to a vintage @leightonjewels diamond necklace.", "vintage": "yes", "size": "one size", "colour": "silver", "category": 25, "sku": "110000035", "price": "505000.00", "rating": "5.00"}}, {"model": "items.item", "pk": 34, "fields": {"image_url": "https://github.com/alex-1134/and_just_like_that_closet/blob/main/media/IMG-7415.jpg", "image": "IMG_7423_S4l8fcy.jpg", "name": "Alexander McQueen draped dress", "description": "1x04 “Some of My Best Friends” l December 23, 2021.\r\nCharlotte wears a @alexandermcqueen bow draped midi dress.", "vintage": "no", "size": "34, 38", "colour": "beige", "category": 23, "sku": "1100800036", "price": "37000.00", "rating": "4.00"}}, {"model": "items.item", "pk": 35, "fields": {"image_url": "https://github.com/alex-1134/and_just_like_that_closet/blob/main/media/IMG-7416.jpg", "image": "IMG_7416_sVJiJDl.jpg", "name": "Golden vintage shoes", "description": "1x04 “Some of My Best Friends” l December 23, 2021.\r\nCarrie also wears these vintage @miumiu python platform heels from Spring/Summer 2003 collection.", "vintage": "yes", "size": "40", "colour": "gold", "category": 20, "sku": "1100100037", "price": "15700.00", "rating": "2.00"}}, {"model": "items.item", "pk": 36, "fields": {"image_url": "https://github.com/alex-1134/and_just_like_that_closet/blob/main/media/IMG-7417.jpg", "image": "IMG_7417_kE9Sfh7.jpg", "name": "Vintage necklaces", "description": "1x04 “Some of My Best Friends” l December 23, 2021.\r\nCarrie wears a vintage @alpsagnakjewelry rose cut diamonds and orange centre stone necklace along with her @marlolazjewelry “Squash Bloom” mini golden bead necklace", "vintage": "yes", "size": "one size", "colour": "gold", "category": 18, "sku": "1100700037", "price": "222000.00", "rating": "4.00"}}, {"model": "items.item", "pk": 37, "fields": {"image_url": "https://github.com/alex-1134/and_just_like_that_closet/blob/main/media/IMG-7419.jpg", "image": "IMG_7419_Dv8ENvh.jpg", "name": "Red Chanel clutch bag", "description": "1x04 “Some of My Best Friends” l December 23, 2021.\r\nMiranda carries a @chanelofficial lamb skin leather clutch.", "vintage": "yes", "size": "one size", "colour": "red", "category": 22, "sku": "1100200038", "price": "67000.00", "rating": "4.00"}}, {"model": "items.item", "pk": 38, "fields": {"image_url": "https://github.com/alex-1134/and_just_like_that_closet/blob/main/media/IMG-7421.jpg", "image": "IMG_7421_kDO8TDj.jpg", "name": "Louis Vuitton “Capucines\" bag", "description": "1x04 “Some of My Best Friends” l December 23, 2021.\r\nCharlotte carries a @louisvuitton “Capucines PM” bag. She must really love this bag as it’s the 4th time we see this model in a different size and colour.", "vintage": "no", "size": "one size", "colour": "blue", "category": 22, "sku": "1100200039", "price": "270000.00", "rating": "4.00"}}, {"model": "items.item", "pk": 39, "fields": {"image_url": "https://github.com/alex-1134/and_just_like_that_closet/blob/main/media/IMG-7423.jpg", "image": "IMG_7423_Padm50L.jpg", "name": "Alexander McQueen midi skirt", "description": "1x04 “Some of My Best Friends” l December 23, 2021.\r\nCharlotte wears a @alexandermcqueen white contrast-stitch midi skirt.", "vintage": "no", "size": "44", "colour": "white", "category": 30, "sku": "1100300040", "price": "13400.00", "rating": "3.00"}}, {"model": "items.item", "pk": 40, "fields": {"image_url": "https://github.com/alex-1134/and_just_like_that_closet/blob/main/media/IMG-7425.jpg", "image": "IMG_7425_Y0ulbhp.jpg", "name": "Mini golden bead necklace", "description": "1x04 “Some of My Best Friends” l December 23, 2021.\r\nCarrie wears a @marlolazjewelry “Squash Bloom” mini golden bead necklace.", "vintage": "no", "size": "one size", "colour": "gold", "category": 18, "sku": "1107100041", "price": "160000.00", "rating": "3.00"}}, {"model": "pay.order", "pk": 1, "fields": {"user_profile": null, "order_number": "869AE772F803486BA2C7CA68BB461A6D", "full_name": "Aleksandra Lach", "email": "alexa.t.lach@gmail.com", "phone_number": "663487332", "country": "Polska", "postcode": "53-534", "street_address1": "Zielińskiego 54/33", "street_address2": null, "county": null, "date": "2022-02-26T20:35:57.091Z", "delivery_cost": "1120.00", "order_total": "56000.00", "grand_total": "57120.00"}}, {"model": "pay.order", "pk": 9, "fields": {"user_profile": null, "order_number": "47633E127FD74B1090C016C8C6A5D919", "full_name": "Aleksandra Lach", "email": "alexa.t.lach@gmail.com", "phone_number": "663487332", "country": "Polska", "postcode": "53-534", "street_address1": "Zielińskiego 54/33", "street_address2": null, "county": null, "date": "2022-02-27T14:21:03.830Z", "delivery_cost": "346.00", "order_total": "17300.00", "grand_total": "17646.00"}}, {"model": "pay.order", "pk": 10, "fields": {"user_profile": null, "order_number": "3430B0CBBD0B4C5DBCB53977EF25F7E2", "full_name": "Aleksandra Lach", "email": "siguraleks@gmail.com", "phone_number": "+46735296404", "country": "Polska", "postcode": "12136", "street_address1": "Blåsutvägen 22", "street_address2": null, "county": null, "date": "2022-02-27T14:57:51.119Z", "delivery_cost": "346.00", "order_total": "17300.00", "grand_total": "17646.00"}}, {"model": "pay.order", "pk": 11, "fields": {"user_profile": null, "order_number": "69B416C0729C4419B6C4D266949258A1", "full_name": "Aleksandra Lach", "email": "siguraleks@gmail.com", "phone_number": "+46735296404", "country": "Polska", "postcode": "12136", "street_address1": "Blåsutvägen 22", "street_address2": null, "county": null, "date": "2022-02-27T15:29:04.787Z", "delivery_cost": "96.00", "order_total": "4800.00", "grand_total": "4896.00"}}, {"model": "pay.order", "pk": 12, "fields": {"user_profile": null, "order_number": "12AA0664B7734BE598F631B1EF4DAD01", "full_name": "Aleksandra Lach", "email": "alexa.t.lach@gmail.com", "phone_number": "663487332", "country": "Polska", "postcode": "53-534", "street_address1": "Zielińskiego 54/33", "street_address2": null, "county": null, "date": "2022-02-27T15:38:49.939Z", "delivery_cost": "314.00", "order_total": "15700.00", "grand_total": "16014.00"}}, {"model": "pay.order", "pk": 13, "fields": {"user_profile": null, "order_number": "5AB741C28FBD4E2089A8DD81D7A9F507", "full_name": "Aleksandra Lach", "email": "siguraleks@gmail.com", "phone_number": "+46735296404", "country": "Polska", "postcode": "12136", "street_address1": "Blåsutvägen 22", "street_address2": null, "county": null, "date": "2022-02-27T16:28:47.367Z", "delivery_cost": "3200.00", "order_total": "160000.00", "grand_total": "163200.00"}}, {"model": "pay.order", "pk": 14, "fields": {"user_profile": null, "order_number": "3BCC247768E444179E11971D0D87BF77", "full_name": "Aleksandra Lach", "email": "siguraleks@gmail.com", "phone_number": "+46735296404", "country": "Polska", "postcode": "12136", "street_address1": "Blåsutvägen 22", "street_address2": null, "county": null, "date": "2022-02-27T16:33:34.339Z", "delivery_cost": "280.00", "order_total": "14000.00", "grand_total": "14280.00"}}, {"model": "pay.order", "pk": 15, "fields": {"user_profile": null, "order_number": "A8615B10288343BA8A55A3002BAB3543", "full_name": "Aleksandra Lach", "email": "siguraleks@gmail.com", "phone_number": "+46735296404", "country": "Polska", "postcode": "12136", "street_address1": "Blåsutvägen 22", "street_address2": null, "county": null, "date": "2022-02-27T17:28:19.959Z", "delivery_cost": "4440.00", "order_total": "222000.00", "grand_total": "226440.00"}}, {"model": "pay.orderlineitem", "pk": 1, "fields": {"order": 1, "item": 10, "quantity": 1, "lineitem_total": "11000.00"}}, {"model": "pay.orderlineitem", "pk": 2, "fields": {"order": 1, "item": 23, "quantity": 1, "lineitem_total": "11000.00"}}, {"model": "pay.orderlineitem", "pk": 3, "fields": {"order": 1, "item": 25, "quantity": 1, "lineitem_total": "34000.00"}}, {"model": "pay.orderlineitem", "pk": 25, "fields": {"order": 9, "item": 16, "quantity": 1, "lineitem_total": "6300.00"}}, {"model": "pay.orderlineitem", "pk": 26, "fields": {"order": 9, "item": 10, "quantity": 1, "lineitem_total": "11000.00"}}, {"model": "pay.orderlineitem", "pk": 27, "fields": {"order": 10, "item": 16, "quantity": 1, "lineitem_total": "6300.00"}}, {"model": "pay.orderlineitem", "pk": 28, "fields": {"order": 10, "item": 10, "quantity": 1, "lineitem_total": "11000.00"}}, {"model": "pay.orderlineitem", "pk": 29, "fields": {"order": 11, "item": 5, "quantity": 1, "lineitem_total": "4800.00"}}, {"model": "pay.orderlineitem", "pk": 30, "fields": {"order": 12, "item": 35, "quantity": 1, "lineitem_total": "15700.00"}}, {"model": "pay.orderlineitem", "pk": 31, "fields": {"order": 13, "item": 40, "quantity": 1, "lineitem_total": "160000.00"}}, {"model": "pay.orderlineitem", "pk": 32, "fields": {"order": 14, "item": 3, "quantity": 1, "lineitem_total": "14000.00"}}, {"model": "pay.orderlineitem", "pk": 33, "fields": {"order": 15, "item": 36, "quantity": 1, "lineitem_total": "222000.00"}}, {"model": "profiles.userprofile", "pk": 1, "fields": {"user": 3, "default_phone_number": null, "default_country": null, "default_county": null, "default_postcode": null, "default_street_address1": null, "default_street_address2": null}}]